Start Time, End Time, Duration (mins), Nap, Sleep Quality (%), Time Awake (mins), Time in REM Slep (mins), Time in Light Sleep (mins), Time In Deep Sleep (mins), Sounds Recorded, Wake-up mood, 
2020-08-01 22:40:21 +0000, (null), 0, NO,  0, 0, 0, 0, 0, 0, N/A, 
2020-08-02 21:10:13 +0000, (null), 0, NO,  0, 0, 0, 0, 0, 0, N/A, 
2020-08-04 21:56:15 +0000, (null), 0, NO,  0, 0, 0, 0, 0, 0, N/A, 
2020-08-06 21:03:18 +0000, (null), 0, NO,  0, 0, 0, 0, 0, 0, N/A, 
2020-08-08 23:13:02 +0000, (null), 0, NO,  0, 0, 0, 0, 0, 0, N/A, 
2020-08-09 22:23:14 +0000, (null), 0, NO,  0, 0, 0, 0, 0, 0, N/A, 
2020-08-10 21:52:15 +0000, (null), 0, NO,  0, 0, 0, 0, 0, 0, N/A, 
2020-08-11 22:02:15 +0000, (null), 0, NO,  0, 0, 0, 0, 0, 0, N/A, 
2020-08-12 21:43:07 +0000, (null), 0, NO,  0, 0, 0, 0, 0, 0, N/A, 
2020-08-13 21:50:02 +0000, (null), 0, NO,  0, 0, 0, 0, 0, 0, N/A, 
2020-08-14 22:50:55 +0000, (null), 0, NO,  0, 0, 0, 0, 0, 0, N/A, 
2020-08-15 23:22:06 +0000, (null), 0, NO,  0, 0, 0, 0, 0, 0, N/A, 
2020-08-17 21:49:46 +0000, (null), 0, NO,  0, 0, 0, 0, 0, 0, N/A, 
2020-08-18 21:11:43 +0000, (null), 0, NO,  0, 0, 0, 0, 0, 0, N/A, 
2020-08-19 22:26:34 +0000, (null), 0, NO,  0, 0, 0, 0, 0, 0, N/A, 
2020-08-20 22:35:35 +0000, (null), 0, NO,  0, 0, 0, 0, 0, 0, N/A, 
2020-08-23 22:05:50 +0000, (null), 0, NO,  0, 0, 0, 0, 0, 0, N/A, 
2020-08-25 21:36:01 +0000, (null), 0, NO,  0, 0, 0, 0, 0, 0, N/A, 
2020-08-27 22:13:23 +0000, (null), 0, NO,  0, 0, 0, 0, 0, 0, N/A, 
2020-08-28 21:58:11 +0000, (null), 0, NO,  0, 0, 0, 0, 0, 0, N/A, 
2020-08-29 22:03:33 +0000, (null), 0, NO,  0, 0, 0, 0, 0, 0, N/A, 
2020-08-30 22:23:08 +0000, (null), 0, NO,  0, 0, 0, 0, 0, 0, N/A, 
2020-08-31 22:23:52 +0000, (null), 0, NO,  0, 0, 0, 0, 0, 0, N/A, 
2020-09-01 22:01:27 +0000, (null), 0, NO,  0, 0, 0, 0, 0, 0, N/A, 
2020-09-02 22:01:34 +0000, (null), 0, NO,  0, 0, 0, 0, 0, 0, N/A, 
2018-08-16 22:16:57 +0000, 2018-08-17 05:36:42 +0000, 440, NO, 56, 90, 50, 170, 130, 65, Ok, 
2018-08-17 21:57:59 +0000, 2018-08-18 06:31:27 +0000, 513, NO, 50, 885, 90, 190, 330, 69, Ok, 
2018-08-18 22:53:27 +0000, 2018-08-19 07:30:35 +0000, 517, NO, 72, 67, 70, 190, 190, 12, Good, 
2018-08-19 22:38:42 +0000, 2018-08-20 06:00:39 +0000, 442, NO, 56, 102, 30, 160, 150, 5, N/A, 
2018-08-20 21:35:34 +0000, 2018-08-21 06:00:21 +0000, 505, NO, 76, 45, 70, 240, 150, 9, Good, 
2018-08-21 21:44:03 +0000, 2018-08-22 06:00:56 +0000, 497, NO, 60, 127, 70, 150, 150, 11, N/A, 
2018-08-22 22:54:26 +0000, 2018-08-23 06:00:20 +0000, 426, NO, 66, 86, 80, 140, 120, 9, N/A, 
2018-08-23 22:45:19 +0000, 2018-08-24 06:00:25 +0000, 435, NO, 66, 35, 40, 220, 140, 4, N/A, 
2018-08-25 01:03:13 +0000, 2018-08-25 07:04:57 +0000, 362, NO, 70, 42, 70, 130, 120, 31, N/A, 
2018-08-25 23:31:09 +0000, 2018-08-26 06:50:33 +0000, 439, NO, 68, 49, 70, 180, 140, 27, Ok, 
2018-08-27 23:24:05 +0000, 2018-08-28 06:41:30 +0000, 437, NO, 62, 57, 40, 200, 140, 2, N/A, 
2018-08-28 23:20:10 +0000, 2018-08-29 07:00:27 +0000, 460, NO, 58, 916, 150, 140, 250, 39, Ok, 
2018-08-29 23:36:00 +0000, 2018-08-30 06:01:12 +0000, 385, NO, 60, 55, 30, 150, 150, 149, Ok, 
2018-08-30 22:43:18 +0000, 2018-08-31 00:19:37 +0000, 96, NO,  0, 0, 0, 0, 0, 1, N/A, 
2018-08-30 22:43:18 +0000, 2018-08-31 07:00:50 +0000, 498, NO, 70, 38, 50, 230, 180, 2, Ok, 
2018-09-01 23:40:43 +0000, 2018-09-02 06:52:12 +0000, 431, NO, 70, 31, 50, 190, 160, 7, Ok, 
2018-09-02 21:36:08 +0000, 2018-09-03 06:00:24 +0000, 504, NO, 46, 154, 30, 160, 160, 13, Ok, 
2018-09-03 22:01:36 +0000, 2018-09-04 06:00:18 +0000, 479, NO, 70, 99, 130, 140, 110, 0, N/A, 
2018-09-03 22:01:37 +0000, 2018-09-04 06:00:20 +0000, 479, NO,  0, 479, 0, 0, 0, 6, N/A, 
2018-09-04 22:41:56 +0000, 2018-09-05 06:00:20 +0000, 438, NO, 76, 48, 110, 160, 120, 6, N/A, 
2018-09-05 22:00:30 +0000, 2018-09-06 05:50:30 +0000, 470, NO, 58, 130, 60, 180, 100, 6, N/A, 
2018-09-06 22:31:44 +0000, 2018-09-07 05:50:31 +0000, 439, NO, 60, 828, 120, 180, 140, 10, Ok, 
2018-09-07 23:28:22 +0000, 2018-09-08 07:00:26 +0000, 452, NO, 68, 32, 60, 240, 120, 4, N/A, 
2018-09-08 23:44:34 +0000, 2018-09-09 06:06:59 +0000, 382, NO, 70, 32, 50, 150, 150, 1, N/A, 
2018-09-09 21:04:23 +0000, 2018-09-10 05:50:14 +0000, 526, NO, 76, 76, 100, 200, 150, 4, Ok, 
2018-09-10 21:59:53 +0000, 2018-09-11 05:50:34 +0000, 471, NO, 56, 131, 60, 170, 110, 16, N/A, 
2018-09-11 21:23:21 +0000, 2018-09-12 05:44:16 +0000, 501, NO, 84, 21, 100, 200, 180, 114, Good, 
2018-09-12 22:14:14 +0000, 2018-09-13 05:50:33 +0000, 456, NO, 64, 86, 50, 180, 140, 243, N/A, 
2018-09-13 21:38:33 +0000, 2018-09-14 05:50:34 +0000, 492, NO, 78, 72, 100, 160, 160, 106, Good, 
2018-09-14 22:23:10 +0000, 2018-09-15 06:00:27 +0000, 457, NO,  0, 457, 0, 0, 0, 56, N/A, 
2018-09-14 22:23:13 +0000, 2018-09-15 06:00:27 +0000, 457, NO, 74, 57, 70, 170, 160, 54, N/A, 
2018-09-16 00:00:16 +0000, 2018-09-16 06:51:06 +0000, 411, NO, 68, 41, 50, 180, 140, 50, Ok, 
2018-09-16 21:30:19 +0000, 2018-09-17 05:50:24 +0000, 500, NO, 76, 30, 80, 220, 170, 4, N/A, 
2018-09-17 21:58:22 +0000, 2018-09-18 05:50:24 +0000, 472, NO, 80, 32, 90, 190, 160, 2, Ok, 
2018-09-19 21:40:42 +0000, 2018-09-20 05:42:05 +0000, 481, NO, 64, 91, 50, 190, 150, 20, N/A, 
2018-09-20 21:53:32 +0000, 2018-09-21 05:33:28 +0000, 460, NO, 72, 80, 90, 160, 130, 51, N/A, 
2018-09-21 23:24:50 +0000, 2018-09-22 07:00:20 +0000, 455, NO, 68, 75, 70, 170, 140, 11, Ok, 
2018-09-22 23:40:15 +0000, 2018-09-23 07:02:33 +0000, 442, NO,  0, 442, 0, 0, 0, 6, N/A, 
2018-09-22 23:40:18 +0000, 2018-09-23 07:02:34 +0000, 442, NO, 68, 52, 50, 180, 160, 6, N/A, 
2018-09-23 21:10:51 +0000, 2018-09-24 05:45:13 +0000, 514, NO, 78, 34, 100, 240, 140, 4, N/A, 
2018-09-24 21:54:27 +0000, 2018-09-25 05:45:24 +0000, 471, NO,  0, 471, 0, 0, 0, 4, N/A, 
2018-09-24 21:54:29 +0000, 2018-09-25 05:45:25 +0000, 471, NO, 72, 81, 100, 170, 120, 5, N/A, 
2018-09-25 20:59:27 +0000, 2018-09-26 05:45:30 +0000, 526, NO, 80, 46, 100, 220, 160, 5, N/A, 
2018-09-26 22:05:10 +0000, 2018-09-27 05:45:41 +0000, 461, NO, 74, 40, 60, 180, 180, 2, N/A, 
2018-09-28 22:15:58 +0000, 2018-09-29 06:00:21 +0000, 464, NO, 80, 44, 80, 150, 190, 2, N/A, 
2018-09-29 23:32:09 +0000, 2018-09-30 06:00:24 +0000, 388, NO, 74, 28, 80, 190, 90, 0, N/A, 
2018-09-30 22:21:52 +0000, 2018-10-01 05:45:27 +0000, 444, NO, 68, 73, 80, 180, 110, 2, N/A, 
2018-10-01 22:04:26 +0000, 2018-10-02 05:45:30 +0000, 461, NO, 78, 21, 50, 210, 180, 2, Ok, 
2018-10-02 22:01:00 +0000, 2018-10-03 05:45:26 +0000, 464, NO, 72, 84, 120, 150, 110, 3, N/A, 
2018-10-04 21:01:03 +0000, 2018-10-05 05:45:22 +0000, 524, NO, 82, 44, 150, 200, 130, 3, N/A, 
2018-10-05 23:30:21 +0000, 2018-10-06 07:00:22 +0000, 450, NO, 56, 90, 40, 140, 180, 8, Ok, 
2018-10-06 23:47:16 +0000, 2018-10-07 07:00:17 +0000, 433, NO, 70, 63, 60, 160, 150, 2, N/A, 
2018-10-07 21:36:51 +0000, 2018-10-08 05:45:32 +0000, 489, NO, 74, 59, 90, 160, 180, 6, N/A, 
2018-10-08 21:20:28 +0000, 2018-10-09 05:45:29 +0000, 505, NO, 60, 115, 50, 160, 180, 11, N/A, 
2018-10-09 21:21:12 +0000, 2018-10-10 05:45:24 +0000, 504, NO, 68, 94, 90, 130, 190, 2, N/A, 
2018-10-09 21:21:13 +0000, 2018-10-10 05:45:24 +0000, 504, NO,  0, 504, 0, 0, 0, 2, N/A, 
2018-10-10 22:18:08 +0000, 2018-10-11 05:45:20 +0000, 447, NO, 60, 117, 110, 140, 80, 25, N/A, 
2018-10-11 21:44:05 +0000, 2018-10-12 05:45:18 +0000, 481, NO, 60, 91, 40, 150, 200, 9, N/A, 
2018-10-11 21:44:07 +0000, 2018-10-12 05:45:19 +0000, 481, NO,  0, 481, 0, 0, 0, 7, N/A, 
2018-10-13 23:28:37 +0000, 2018-10-13 23:28:37 +0000, 0, NO,  0, 0, 0, 0, 0, 0, N/A, 
2018-10-14 21:47:24 +0000, 2018-10-15 05:45:35 +0000, 478, NO, 74, 58, 100, 190, 130, 2, N/A, 
2018-10-15 21:29:46 +0000, 2018-10-16 05:45:35 +0000, 496, NO, 76, 66, 90, 180, 160, 5, N/A, 
2018-10-17 05:45:43 +0000, 2018-10-17 05:45:43 +0000, 0, NO,  0, 0, 0, 0, 0, 0, N/A, 
2018-10-17 22:03:42 +0000, 2018-10-18 05:45:29 +0000, 462, NO, 68, 72, 60, 170, 160, 5, N/A, 
2018-10-18 21:31:00 +0000, 2018-10-19 05:35:31 +0000, 485, NO, 72, 44, 80, 210, 150, 31, Good, 
2018-10-19 22:22:24 +0000, 2018-10-20 05:55:21 +0000, 453, NO, 80, 33, 140, 130, 150, 1, Good, 
2018-10-20 22:44:58 +0000, 2018-10-21 06:45:13 +0000, 480, NO, 86, 30, 90, 180, 180, 9, Good, 
2018-10-21 21:39:46 +0000, 2018-10-22 05:45:34 +0000, 486, NO, 72, 96, 110, 160, 120, 8, Good, 
2018-10-22 22:01:47 +0000, 2018-10-23 05:45:37 +0000, 464, NO, 70, 64, 70, 220, 110, 16, N/A, 
2018-10-23 21:28:48 +0000, 2018-10-24 05:45:42 +0000, 497, NO, 80, 57, 140, 150, 150, 6, N/A, 
2018-10-24 21:45:19 +0000, 2018-10-25 05:21:49 +0000, 457, NO, 62, 106, 60, 160, 130, 54, Ok, 
2018-10-25 22:00:05 +0000, 2018-10-26 05:45:30 +0000, 465, NO, 66, 85, 70, 220, 90, 5, N/A, 
2018-10-27 22:54:20 +0000, 2018-10-28 07:25:37 +0000, 511, NO, 74, 21, 30, 240, 220, 1, N/A, 
2018-10-28 22:38:39 +0000, 2018-10-29 06:45:36 +0000, 487, NO, 68, 47, 50, 230, 160, 1, N/A, 
2018-10-29 22:20:45 +0000, 2018-10-30 06:45:31 +0000, 505, NO, 70, 35, 50, 220, 200, 1, N/A, 
2018-10-31 22:26:37 +0000, 2018-11-01 06:45:20 +0000, 499, NO, 78, 49, 100, 210, 140, 2, Ok, 
2018-11-01 22:46:29 +0000, 2018-11-02 06:45:32 +0000, 479, NO, 68, 69, 60, 170, 180, 10, N/A, 
2018-11-02 23:59:24 +0000, 2018-11-03 07:26:11 +0000, 447, NO, 72, 37, 50, 170, 190, 37, Ok, 
2018-11-03 23:20:42 +0000, 2018-11-04 07:45:19 +0000, 505, NO, 82, 25, 90, 210, 180, 2, N/A, 
2018-11-03 23:20:42 +0000, 2018-11-04 07:45:19 +0000, 505, NO,  0, 505, 0, 0, 0, 2, N/A, 
2018-11-04 22:46:58 +0000, 2018-11-05 06:40:15 +0000, 473, NO, 64, 53, 40, 180, 200, 0, N/A, 
2018-11-05 22:40:51 +0000, 2018-11-06 06:40:16 +0000, 479, NO, 80, 29, 120, 190, 140, 0, N/A, 
2018-11-06 22:09:50 +0000, 2018-11-07 06:40:14 +0000, 510, NO, 66, 80, 60, 210, 160, 6, N/A, 
2018-11-07 22:24:40 +0000, 2018-11-08 06:40:23 +0000, 496, NO, 78, 46, 100, 220, 130, 6, N/A, 
2018-11-10 23:40:50 +0000, 2018-11-11 07:36:14 +0000, 475, NO, 64, 45, 30, 190, 210, 5, Ok, 
2018-11-11 22:50:51 +0000, 2018-11-12 06:40:16 +0000, 469, NO, 80, 29, 70, 200, 170, 4, N/A, 
2018-11-12 22:33:07 +0000, 2018-11-13 06:40:17 +0000, 487, NO, 76, 67, 100, 210, 110, 10, N/A, 
2018-11-13 22:40:38 +0000, 2018-11-14 06:11:37 +0000, 451, NO, 84, 21, 70, 170, 190, 50, N/A, 
2018-11-14 22:19:28 +0000, 2018-11-15 06:40:22 +0000, 501, NO, 82, 41, 80, 180, 200, 8, N/A, 
2018-11-15 22:20:17 +0000, 2018-11-16 06:40:15 +0000, 500, NO, 72, 50, 80, 200, 170, 7, N/A, 
2018-11-16 23:53:42 +0000, 2018-11-17 08:40:13 +0000, 527, NO, 66, 76, 40, 260, 150, 10, N/A, 
2018-11-17 23:49:18 +0000, 2018-11-18 07:00:14 +0000, 431, NO, 76, 21, 60, 180, 170, 6, N/A, 
2018-11-19 22:46:27 +0000, 2018-11-20 06:35:12 +0000, 469, NO, 80, 29, 90, 180, 170, 15, N/A, 
2018-11-20 22:16:57 +0000, 2018-11-21 06:35:18 +0000, 498, NO, 70, 78, 80, 160, 180, 18, N/A, 
2018-11-21 22:16:47 +0000, 2018-11-22 06:35:44 +0000, 499, NO, 76, 49, 90, 190, 170, 0, N/A, 
2018-11-21 22:16:48 +0000, 2018-11-22 06:35:45 +0000, 499, NO, 76, 49, 90, 190, 170, 10, N/A, 
2018-11-23 22:33:44 +0000, 2018-11-24 07:35:22 +0000, 542, NO, 80, 42, 90, 210, 200, 11, N/A, 
2018-11-24 23:12:10 +0000, 2018-11-25 08:00:10 +0000, 528, NO, 86, 28, 140, 180, 180, 8, N/A, 
2018-11-25 22:45:10 +0000, 2018-11-26 06:35:08 +0000, 470, NO, 64, 50, 30, 220, 170, 7, N/A, 
2018-11-26 22:21:55 +0000, 2018-11-27 06:35:09 +0000, 493, NO, 78, 43, 90, 210, 150, 8, N/A, 
2018-11-27 22:33:08 +0000, 2018-11-28 06:35:12 +0000, 482, NO, 78, 52, 80, 180, 170, 10, N/A, 
2018-11-28 22:32:14 +0000, 2018-11-29 06:09:25 +0000, 457, NO, 80, 27, 90, 180, 160, 0, N/A, 
2018-11-29 22:39:20 +0000, 2018-11-30 06:35:22 +0000, 476, NO, 76, 46, 70, 170, 190, 0, N/A, 
2018-11-29 22:39:20 +0000, 2018-11-30 06:35:23 +0000, 476, NO, 76, 46, 70, 170, 190, 4, N/A, 
2018-11-30 23:16:32 +0000, 2018-12-01 07:30:25 +0000, 494, NO, 78, 34, 60, 210, 190, 10, Ok, 
2018-12-01 22:32:59 +0000, 2018-12-02 07:00:27 +0000, 507, NO, 80, 27, 130, 160, 190, 6, N/A, 
2018-12-02 22:31:50 +0000, 2018-12-03 06:35:16 +0000, 483, NO, 78, 23, 40, 230, 190, 4, N/A, 
2018-12-03 22:42:28 +0000, 2018-12-04 06:35:21 +0000, 473, NO, 84, 43, 90, 190, 150, 0, N/A, 
2018-12-03 22:42:28 +0000, 2018-12-04 06:35:22 +0000, 473, NO, 84, 43, 90, 190, 150, 14, N/A, 
2018-12-04 22:16:00 +0000, 2018-12-05 06:35:13 +0000, 499, NO, 82, 39, 70, 210, 180, 0, N/A, 
2018-12-04 22:16:00 +0000, 2018-12-05 06:35:14 +0000, 499, NO, 82, 39, 70, 210, 180, 8, N/A, 
2018-12-05 22:28:48 +0000, 2018-12-06 06:35:16 +0000, 486, NO, 72, 66, 90, 190, 140, 0, N/A, 
2018-12-05 22:28:48 +0000, 2018-12-06 06:35:17 +0000, 486, NO, 72, 66, 90, 190, 140, 9, N/A, 
2018-12-06 21:33:45 +0000, 2018-12-07 06:35:10 +0000, 541, NO, 70, 91, 80, 190, 180, 10, N/A, 
2018-12-07 22:27:30 +0000, 2018-12-08 07:00:15 +0000, 513, NO, 76, 53, 90, 230, 140, 6, N/A, 
2018-12-08 23:23:38 +0000, 2018-12-09 08:00:09 +0000, 517, NO, 72, 67, 80, 200, 170, 12, N/A, 
2018-12-09 22:23:47 +0000, 2018-12-10 06:30:17 +0000, 486, NO, 70, 46, 60, 260, 120, 10, N/A, 
2018-12-10 22:19:13 +0000, 2018-12-11 06:30:08 +0000, 491, NO, 72, 61, 60, 190, 180, 2, N/A, 
2018-12-11 22:32:15 +0000, 2018-12-12 06:30:08 +0000, 478, NO, 76, 38, 70, 210, 160, 4, N/A, 
2018-12-12 22:17:18 +0000, 2018-12-13 06:30:13 +0000, 493, NO, 72, 63, 70, 180, 180, 7, N/A, 
2018-12-13 22:32:15 +0000, 2018-12-14 06:10:12 +0000, 458, NO, 78, 48, 80, 170, 160, 20, N/A, 
2018-12-16 01:28:01 +0000, 2018-12-16 08:50:16 +0000, 442, NO, 74, 42, 50, 170, 180, 24, N/A, 
2018-12-16 22:34:29 +0000, 2018-12-17 06:30:07 +0000, 476, NO, 78, 36, 80, 190, 170, 0, N/A, 
2018-12-17 22:21:00 +0000, 2018-12-18 06:30:13 +0000, 489, NO, 88, 29, 120, 200, 140, 0, Great, 
2018-12-18 22:33:30 +0000, 2018-12-19 06:30:23 +0000, 477, NO, 76, 37, 90, 150, 200, 0, N/A, 
2018-12-19 22:28:39 +0000, 2018-12-20 06:30:15 +0000, 482, NO, 72, 32, 50, 180, 220, 0, N/A, 
2018-12-20 22:27:40 +0000, 2018-12-21 06:30:09 +0000, 482, NO, 76, 52, 70, 190, 170, 0, N/A, 
2018-12-21 23:31:46 +0000, 2018-12-22 07:30:11 +0000, 478, NO, 70, 38, 60, 200, 180, 0, N/A, 
2018-12-23 00:03:43 +0000, 2018-12-23 08:00:09 +0000, 476, NO, 70, 76, 70, 160, 170, 0, N/A, 
2018-12-23 22:28:52 +0000, 2018-12-24 06:30:09 +0000, 481, NO, 74, 71, 80, 170, 160, 0, N/A, 
2018-12-25 01:02:28 +0000, 2018-12-25 07:27:13 +0000, 385, NO, 72, 55, 80, 120, 130, 0, N/A, 
2018-12-25 22:26:37 +0000, 2018-12-26 07:10:35 +0000, 524, NO, 82, 64, 130, 170, 160, 0, Not Good, 
2018-12-26 23:04:45 +0000, 2018-12-27 07:15:13 +0000, 490, NO, 68, 50, 60, 210, 170, 0, N/A, 
2018-12-27 23:08:55 +0000, 2018-12-28 07:08:23 +0000, 479, NO, 62, 89, 50, 210, 130, 0, N/A, 
2018-12-29 22:58:40 +0000, 2018-12-30 08:01:08 +0000, 542, NO, 78, 72, 110, 180, 180, 0, N/A, 
2018-12-31 00:36:10 +0000, 2018-12-31 08:30:09 +0000, 474, NO, 62, 84, 50, 160, 180, 0, N/A, 
2018-12-31 23:45:31 +0000, 2019-01-01 08:00:43 +0000, 495, NO, 74, 35, 60, 220, 180, 0, N/A, 
2019-01-01 21:26:50 +0000, 2019-01-02 06:35:11 +0000, 548, NO, 68, 48, 60, 260, 180, 0, N/A, 
2019-01-02 22:09:11 +0000, 2019-01-03 06:35:13 +0000, 506, NO, 58, 136, 60, 140, 170, 0, Ok, 
2019-01-03 23:27:06 +0000, 2019-01-04 06:30:22 +0000, 423, NO, 68, 43, 40, 170, 170, 0, N/A, 
2019-01-04 23:18:36 +0000, 2019-01-05 07:30:10 +0000, 492, NO, 60, 72, 30, 190, 200, 0, N/A, 
2019-01-05 23:40:12 +0000, 2019-01-06 07:30:09 +0000, 470, NO, 76, 60, 100, 190, 120, 0, N/A, 
2019-01-06 22:09:08 +0000, 2019-01-07 06:30:16 +0000, 501, NO, 70, 81, 70, 160, 190, 0, N/A, 
2019-01-07 21:57:49 +0000, 2019-01-08 06:30:06 +0000, 512, NO, 72, 42, 70, 180, 220, 0, N/A, 
2019-01-08 22:38:41 +0000, 2019-01-09 06:30:17 +0000, 472, NO, 68, 52, 50, 160, 210, 0, Good, 
2019-01-09 21:48:52 +0000, 2019-01-10 06:30:12 +0000, 521, NO, 72, 61, 60, 180, 220, 0, N/A, 
2019-01-10 22:18:04 +0000, 2019-01-11 06:30:17 +0000, 492, NO, 76, 52, 70, 180, 190, 0, N/A, 
2019-01-11 23:55:33 +0000, 2019-01-12 08:30:09 +0000, 515, NO, 66, 75, 50, 190, 200, 0, N/A, 
2019-01-13 01:21:24 +0000, 2019-01-13 08:01:21 +0000, 400, NO, 68, 40, 50, 160, 150, 0, N/A, 
2019-01-13 21:57:47 +0000, 2019-01-14 06:30:29 +0000, 513, NO, 72, 53, 50, 230, 180, 0, Ok, 
2019-01-14 22:37:08 +0000, 2019-01-15 06:30:07 +0000, 473, NO, 66, 63, 50, 210, 150, 0, N/A, 
2019-01-15 22:09:51 +0000, 2019-01-16 06:30:11 +0000, 500, NO, 68, 60, 60, 190, 190, 0, N/A, 
2019-01-16 23:04:15 +0000, 2019-01-17 06:30:08 +0000, 446, NO, 68, 66, 50, 180, 150, 0, N/A, 
2019-01-17 22:25:32 +0000, 2019-01-18 06:30:19 +0000, 485, NO, 58, 75, 30, 150, 230, 0, N/A, 
2019-01-18 23:54:32 +0000, 2019-01-19 08:00:20 +0000, 486, NO, 80, 46, 90, 170, 180, 0, N/A, 
2019-01-20 01:07:11 +0000, 2019-01-20 09:00:12 +0000, 473, NO, 82, 23, 70, 210, 170, 0, N/A, 
2019-01-20 22:18:50 +0000, 2019-01-21 06:30:13 +0000, 491, NO, 66, 51, 50, 220, 170, 0, N/A, 
2019-01-21 22:36:48 +0000, 2019-01-22 06:30:14 +0000, 473, NO, 72, 43, 50, 190, 190, 0, Good, 
2019-01-22 22:09:30 +0000, 2019-01-23 06:30:11 +0000, 501, NO, 72, 51, 80, 220, 150, 0, Ok, 
2019-01-23 22:28:40 +0000, 2019-01-24 06:15:17 +0000, 467, NO, 62, 87, 40, 140, 200, 0, N/A, 
2019-01-24 22:38:45 +0000, 2019-01-25 06:25:10 +0000, 466, NO, 66, 36, 20, 210, 200, 0, Ok, 
2019-01-25 23:37:32 +0000, 2019-01-26 07:35:34 +0000, 478, NO, 78, 48, 70, 190, 170, 0, N/A, 
2019-01-26 23:47:59 +0000, 2019-01-27 08:10:12 +0000, 502, NO, 66, 42, 30, 250, 180, 0, N/A, 
2019-01-27 22:58:06 +0000, 2019-01-28 06:25:09 +0000, 447, NO, 72, 67, 100, 150, 130, 0, N/A, 
2019-01-28 22:27:44 +0000, 2019-01-29 06:25:14 +0000, 477, NO, 68, 47, 60, 210, 160, 0, N/A, 
2019-01-29 22:01:29 +0000, 2019-01-30 07:00:10 +0000, 539, NO, 80, 69, 160, 190, 120, 0, N/A, 
2019-01-30 22:25:59 +0000, 2019-01-31 06:25:07 +0000, 479, NO, 74, 49, 80, 190, 160, 0, N/A, 
2019-01-31 22:57:59 +0000, 2019-02-01 06:25:11 +0000, 447, NO, 72, 37, 60, 210, 140, 0, N/A, 
2019-02-01 23:31:27 +0000, 2019-02-02 08:00:09 +0000, 509, NO, 72, 59, 80, 190, 180, 0, N/A, 
2019-02-02 23:38:07 +0000, 2019-02-03 08:00:08 +0000, 502, NO, 70, 52, 40, 220, 190, 0, N/A, 
2019-02-03 21:47:29 +0000, 2019-02-04 06:25:09 +0000, 518, NO, 78, 48, 100, 210, 160, 0, N/A, 
2019-02-04 22:13:54 +0000, 2019-02-05 06:25:11 +0000, 491, NO, 72, 71, 80, 210, 130, 0, N/A, 
2019-02-05 22:17:13 +0000, 2019-02-06 06:25:07 +0000, 488, NO, 78, 58, 140, 190, 100, 0, N/A, 
2019-02-06 21:55:47 +0000, 2019-02-07 06:25:10 +0000, 509, NO, 76, 59, 100, 190, 160, 0, N/A, 
2019-02-07 22:17:11 +0000, 2019-02-08 06:25:13 +0000, 488, NO, 72, 68, 80, 180, 160, 0, N/A, 
2019-02-09 23:55:19 +0000, 2019-02-10 08:10:08 +0000, 495, NO, 68, 55, 60, 210, 170, 0, N/A, 
2019-02-10 22:16:11 +0000, 2019-02-11 06:25:11 +0000, 489, NO, 70, 79, 80, 190, 140, 0, N/A, 
2019-02-11 22:03:08 +0000, 2019-02-12 06:25:08 +0000, 502, NO, 64, 82, 50, 170, 200, 0, N/A, 
2019-02-12 22:10:21 +0000, 2019-02-13 06:25:10 +0000, 495, NO, 76, 45, 70, 220, 160, 0, N/A, 
2019-02-13 23:02:06 +0000, 2019-02-14 06:25:13 +0000, 443, NO, 68, 73, 80, 150, 140, 0, N/A, 
2019-02-14 22:07:07 +0000, 2019-02-15 06:25:06 +0000, 498, NO, 82, 28, 130, 180, 160, 0, N/A, 
2019-02-16 01:32:43 +0000, 2019-02-16 08:42:02 +0000, 429, NO, 64, 59, 40, 200, 130, 0, N/A, 
2019-02-16 23:13:58 +0000, 2019-02-17 08:00:08 +0000, 526, NO, 72, 36, 60, 250, 180, 0, N/A, 
2019-02-17 23:05:58 +0000, 2019-02-18 07:19:38 +0000, 494, NO, 66, 104, 80, 160, 150, 0, N/A, 
2019-02-18 23:29:56 +0000, 2019-02-19 07:44:42 +0000, 495, NO, 66, 55, 50, 260, 130, 0, N/A, 
2019-02-19 23:31:46 +0000, 2019-02-20 07:24:48 +0000, 473, NO, 68, 53, 50, 140, 230, 0, N/A, 
2019-02-20 22:30:18 +0000, 2019-02-21 08:00:07 +0000, 570, NO, 74, 60, 110, 250, 150, 0, N/A, 
2019-02-21 14:39:58 +0000, 2019-02-21 15:25:05 +0000, 45, YES, 30, 25, 0, 20, 0, 0, N/A, 
2019-02-21 23:01:29 +0000, 2019-02-22 07:45:17 +0000, 524, NO, 74, 44, 50, 160, 270, 0, N/A, 
2019-02-23 00:11:16 +0000, 2019-02-23 08:12:43 +0000, 481, NO, 70, 41, 40, 210, 190, 0, Ok, 
2019-02-23 23:43:43 +0000, 2019-02-24 08:01:20 +0000, 498, NO, 78, 38, 100, 220, 140, 0, N/A, 
2019-02-24 22:29:36 +0000, 2019-02-25 06:25:08 +0000, 476, NO, 66, 65, 60, 190, 160, 0, N/A, 
2019-02-25 22:09:31 +0000, 2019-02-26 06:25:09 +0000, 496, NO, 74, 46, 80, 200, 170, 0, N/A, 
2019-02-26 22:20:09 +0000, 2019-02-27 06:25:11 +0000, 485, NO, 84, 25, 110, 190, 160, 0, N/A, 
2019-02-27 22:57:36 +0000, 2019-02-28 06:25:09 +0000, 448, NO, 64, 77, 60, 190, 120, 0, N/A, 
2019-02-28 22:41:52 +0000, 2019-02-28 22:41:52 +0000, 0, NO,  0, 0, 0, 0, 0, 0, N/A, 
2019-02-28 22:41:52 +0000, 2019-03-01 06:29:49 +0000, 468, NO, 72, 38, 30, 140, 260, 0, N/A, 
2019-03-01 22:53:10 +0000, 2019-03-02 06:10:32 +0000, 437, NO, 80, 47, 100, 170, 120, 0, N/A, 
2019-03-02 23:26:44 +0000, 2019-03-03 07:22:00 +0000, 475, NO, 68, 35, 50, 250, 140, 0, N/A, 
2019-03-03 16:36:11 +0000, 2019-03-03 17:21:34 +0000, 45, YES, 50, 25, 0, 10, 10, 0, N/A, 
2019-03-03 22:26:00 +0000, 2019-03-04 06:25:11 +0000, 479, NO, 70, 69, 80, 140, 190, 0, N/A, 
2019-03-04 22:07:55 +0000, 2019-03-05 06:25:12 +0000, 497, NO, 78, 57, 120, 180, 140, 0, N/A, 
2019-03-05 22:26:10 +0000, 2019-03-06 06:25:07 +0000, 479, NO, 78, 49, 140, 160, 130, 0, N/A, 
2019-03-06 22:16:46 +0000, 2019-03-07 06:25:07 +0000, 488, NO, 82, 38, 100, 180, 170, 0, Good, 
2019-03-07 22:26:00 +0000, 2019-03-08 06:25:09 +0000, 479, NO, 74, 79, 110, 160, 130, 0, N/A, 
2019-03-08 22:53:26 +0000, 2019-03-09 07:16:33 +0000, 503, NO, 78, 23, 70, 220, 190, 0, N/A, 
2019-03-09 22:52:57 +0000, 2019-03-10 07:30:06 +0000, 517, NO, 74, 67, 90, 180, 180, 0, N/A, 
2019-03-10 22:17:32 +0000, 2019-03-11 06:25:11 +0000, 488, NO, 72, 58, 70, 210, 150, 0, N/A, 
2019-03-11 22:01:25 +0000, 2019-03-12 06:25:19 +0000, 504, NO, 62, 54, 30, 220, 200, 0, N/A, 
2019-03-12 22:44:28 +0000, 2019-03-13 06:27:16 +0000, 463, NO, 58, 93, 40, 160, 170, 0, N/A, 
2019-03-13 22:01:59 +0000, 2019-03-14 06:25:15 +0000, 503, NO, 64, 83, 70, 220, 130, 0, N/A, 
2019-03-14 22:25:25 +0000, 2019-03-15 06:25:16 +0000, 480, NO, 62, 90, 50, 200, 140, 0, N/A, 
2019-03-15 21:28:59 +0000, 2019-03-16 07:51:00 +0000, 622, NO, 60, 112, 40, 230, 240, 0, N/A, 
2019-03-16 23:21:12 +0000, 2019-03-17 07:50:18 +0000, 509, NO, 76, 69, 100, 190, 150, 0, N/A, 
2019-03-17 22:27:35 +0000, 2019-03-18 06:25:11 +0000, 478, NO, 80, 28, 140, 180, 130, 0, N/A, 
2019-03-18 22:05:20 +0000, 2019-03-19 06:25:12 +0000, 500, NO, 72, 60, 70, 220, 150, 0, N/A, 
2019-03-19 22:50:47 +0000, 2019-03-20 07:13:50 +0000, 503, NO, 78, 63, 90, 180, 170, 0, N/A, 
2019-03-20 22:13:11 +0000, 2019-03-21 06:25:11 +0000, 492, NO, 78, 62, 90, 160, 180, 0, N/A, 
2019-03-21 22:31:09 +0000, 2019-03-22 06:25:12 +0000, 474, NO, 70, 64, 60, 160, 190, 0, N/A, 
2019-03-22 23:35:56 +0000, 2019-03-22 23:35:56 +0000, 0, NO,  0, 0, 0, 0, 0, 0, N/A, 
2019-03-22 23:35:56 +0000, 2019-03-23 08:14:38 +0000, 519, NO, 78, 49, 100, 190, 180, 0, N/A, 
2019-03-24 00:35:54 +0000, 2019-03-24 07:48:27 +0000, 433, NO, 70, 23, 60, 220, 130, 0, N/A, 
2019-03-24 22:24:12 +0000, 2019-03-25 06:25:12 +0000, 481, NO, 82, 21, 80, 190, 190, 0, N/A, 
2019-03-25 22:41:23 +0000, 2019-03-26 06:25:13 +0000, 464, NO, 66, 74, 60, 180, 150, 0, N/A, 
2019-03-26 22:10:05 +0000, 2019-03-27 06:25:07 +0000, 495, NO, 58, 65, 20, 220, 190, 0, N/A, 
2019-03-27 22:33:52 +0000, 2019-03-28 06:25:11 +0000, 471, NO, 68, 81, 70, 150, 170, 0, N/A, 
2019-03-28 22:24:19 +0000, 2019-03-29 06:25:12 +0000, 481, NO, 74, 81, 100, 150, 150, 0, N/A, 
2019-03-29 23:31:53 +0000, 2019-03-30 07:49:15 +0000, 497, NO, 68, 57, 50, 210, 180, 0, N/A, 
2019-03-30 22:56:30 +0000, 2019-03-31 06:15:02 +0000, 439, NO, 74, 29, 80, 190, 140, 0, N/A, 
2019-03-31 21:12:36 +0000, 2019-03-31 21:59:07 +0000, 47, YES,  0, 47, 0, 0, 0, 0, N/A, 
2019-03-31 22:23:52 +0000, 2019-04-01 05:25:10 +0000, 421, NO, 72, 61, 60, 150, 150, 0, N/A, 
2019-04-01 21:10:12 +0000, 2019-04-02 05:25:09 +0000, 495, NO, 76, 25, 70, 190, 210, 0, N/A, 
2019-04-02 21:18:51 +0000, 2019-04-03 05:25:09 +0000, 486, NO, 74, 66, 100, 200, 120, 0, N/A, 
2019-04-03 21:17:12 +0000, 2019-04-04 05:25:15 +0000, 488, NO, 76, 58, 100, 190, 140, 0, N/A, 
2019-04-04 21:17:21 +0000, 2019-04-05 05:25:09 +0000, 488, NO, 74, 58, 80, 190, 160, 0, N/A, 
2019-04-05 22:23:13 +0000, 2019-04-06 06:27:50 +0000, 485, NO, 80, 35, 50, 180, 220, 0, N/A, 
2019-04-06 23:51:16 +0000, 2019-04-07 05:51:22 +0000, 360, NO, 66, 20, 20, 150, 170, 0, N/A, 
2019-04-07 21:44:16 +0000, 2019-04-08 05:25:10 +0000, 461, NO, 80, 41, 80, 180, 160, 0, N/A, 
2019-04-08 21:14:51 +0000, 2019-04-08 21:14:51 +0000, 0, NO,  0, 0, 0, 0, 0, 0, N/A, 
2019-04-08 21:14:50 +0000, 2019-04-09 05:25:54 +0000, 491, NO, 64, 91, 50, 200, 150, 0, N/A, 
2019-04-09 21:02:40 +0000, 2019-04-10 05:25:06 +0000, 502, NO, 72, 72, 70, 230, 130, 0, N/A, 
2019-04-10 21:13:20 +0000, 2019-04-10 21:13:20 +0000, 0, NO,  0, 0, 0, 0, 0, 0, N/A, 
2019-04-10 21:13:20 +0000, 2019-04-11 05:25:41 +0000, 492, NO, 76, 72, 100, 150, 170, 0, N/A, 
2019-04-11 21:10:00 +0000, 2019-04-12 05:25:10 +0000, 495, NO, 80, 35, 70, 170, 220, 0, N/A, 
2019-04-12 22:39:11 +0000, 2019-04-13 07:00:09 +0000, 501, NO, 72, 91, 120, 180, 110, 0, Ok, 
2019-04-13 23:06:32 +0000, 2019-04-14 07:00:08 +0000, 474, NO, 60, 54, 30, 200, 190, 0, N/A, 
2019-04-14 20:15:01 +0000, 2019-04-15 05:25:14 +0000, 550, NO, 70, 50, 60, 270, 170, 0, N/A, 
2019-04-15 21:40:38 +0000, 2019-04-16 05:25:14 +0000, 465, NO, 70, 65, 60, 200, 140, 0, N/A, 
2019-04-16 21:12:33 +0000, 2019-04-17 05:25:42 +0000, 493, NO, 64, 123, 90, 150, 130, 0, N/A, 
2019-04-17 21:32:38 +0000, 2019-04-18 05:25:07 +0000, 472, NO, 42, 202, 60, 80, 130, 0, N/A, 
2019-04-18 21:32:13 +0000, 2019-04-19 06:25:06 +0000, 533, NO, 70, 33, 60, 250, 190, 0, N/A, 
2019-04-19 23:32:20 +0000, 2019-04-20 07:00:11 +0000, 448, NO, 56, 98, 40, 170, 140, 0, N/A, 
2019-04-20 23:00:30 +0000, 2019-04-21 06:13:33 +0000, 433, NO, 76, 23, 80, 180, 150, 0, N/A, 
2019-04-21 21:59:44 +0000, 2019-04-22 07:00:10 +0000, 540, NO, 64, 90, 40, 250, 160, 0, N/A, 
2019-04-22 20:45:09 +0000, 2019-04-23 05:25:08 +0000, 520, NO, 70, 80, 80, 200, 160, 0, N/A, 
2019-04-23 22:03:10 +0000, 2019-04-24 05:25:08 +0000, 442, NO, 68, 72, 80, 130, 160, 0, N/A, 
2019-04-24 21:21:56 +0000, 2019-04-25 05:25:07 +0000, 483, NO, 76, 33, 90, 210, 150, 0, N/A, 
2019-04-25 20:57:42 +0000, 2019-04-26 05:25:18 +0000, 508, NO, 76, 68, 100, 190, 150, 0, N/A, 
2019-04-26 21:08:05 +0000, 2019-04-27 06:19:37 +0000, 552, NO, 70, 61, 70, 220, 200, 0, N/A, 
2019-04-27 22:52:48 +0000, 2019-04-28 06:45:27 +0000, 473, NO, 84, 33, 100, 180, 160, 0, N/A, 
2019-04-28 22:16:21 +0000, 2019-04-29 05:25:08 +0000, 429, NO, 74, 39, 90, 190, 110, 0, N/A, 
2019-04-29 21:27:40 +0000, 2019-04-30 05:25:21 +0000, 478, NO, 58, 98, 40, 180, 160, 0, N/A, 
2019-04-30 21:08:51 +0000, 2019-05-01 05:25:08 +0000, 496, NO, 68, 56, 50, 230, 160, 0, N/A, 
2019-05-01 21:30:04 +0000, 2019-05-02 05:25:15 +0000, 475, NO, 60, 95, 50, 200, 130, 0, N/A, 
2019-05-03 05:25:16 +0000, 2019-05-03 05:25:16 +0000, 0, NO,  0, 0, 0, 0, 0, 0, N/A, 
2019-05-03 22:47:40 +0000, 2019-05-04 05:54:52 +0000, 427, NO, 74, 37, 70, 190, 130, 0, N/A, 
2019-05-04 22:00:10 +0000, 2019-05-05 06:25:08 +0000, 505, NO, 76, 45, 70, 210, 180, 0, N/A, 
2019-05-05 23:42:40 +0000, 2019-05-06 06:25:11 +0000, 403, NO, 58, 72, 30, 160, 140, 0, N/A, 
2019-05-06 23:19:29 +0000, 2019-05-07 06:00:01 +0000, 401, NO, 66, 50, 50, 160, 140, 0, N/A, 
2019-05-07 20:33:35 +0000, 2019-05-08 05:25:10 +0000, 532, NO, 76, 72, 100, 210, 150, 0, N/A, 
2019-05-08 20:56:07 +0000, 2019-05-09 05:25:15 +0000, 509, NO, 66, 109, 60, 180, 160, 0, N/A, 
2019-05-09 21:35:40 +0000, 2019-05-10 05:25:19 +0000, 470, NO, 62, 50, 30, 220, 170, 0, N/A, 
2019-05-10 23:13:30 +0000, 2019-05-11 07:00:26 +0000, 467, NO, 76, 47, 80, 170, 170, 0, N/A, 
2019-05-12 00:22:38 +0000, 2019-05-12 07:00:09 +0000, 398, NO, 64, 37, 40, 200, 120, 0, N/A, 
2019-05-12 21:14:21 +0000, 2019-05-13 05:25:20 +0000, 491, NO, 70, 51, 60, 220, 160, 0, N/A, 
2019-05-13 21:26:45 +0000, 2019-05-14 05:25:17 +0000, 479, NO, 68, 69, 70, 210, 130, 0, N/A, 
2019-05-15 21:19:18 +0000, 2019-05-16 05:25:58 +0000, 487, NO, 64, 87, 50, 180, 170, 0, N/A, 
2019-05-16 21:04:19 +0000, 2019-05-17 05:25:12 +0000, 501, NO, 62, 61, 30, 210, 200, 0, N/A, 
2019-05-17 22:23:48 +0000, 2019-05-18 06:09:44 +0000, 466, NO, 68, 56, 50, 210, 150, 0, N/A, 
2019-05-18 21:16:21 +0000, 2019-05-19 06:29:29 +0000, 553, NO, 72, 43, 70, 220, 220, 0, N/A, 
2019-05-19 21:16:17 +0000, 2019-05-20 05:25:08 +0000, 489, NO, 74, 69, 100, 170, 150, 0, N/A, 
2019-05-20 21:49:41 +0000, 2019-05-21 06:00:07 +0000, 490, NO, 68, 80, 90, 140, 180, 0, N/A, 
2019-05-21 20:55:51 +0000, 2019-05-22 05:24:48 +0000, 509, NO, 68, 109, 100, 170, 130, 0, N/A, 
2019-05-22 22:04:45 +0000, 2019-05-23 05:25:07 +0000, 440, NO, 62, 70, 50, 170, 150, 0, N/A, 
2019-05-23 21:08:42 +0000, 2019-05-24 05:25:16 +0000, 497, NO, 80, 57, 90, 180, 170, 0, N/A, 
2019-05-24 16:32:51 +0000, 2019-05-24 17:17:59 +0000, 45, YES, 50, 25, 0, 10, 10, 0, N/A, 
2019-05-24 22:59:01 +0000, 2019-05-25 06:16:39 +0000, 438, NO, 74, 58, 80, 160, 140, 0, N/A, 
2019-05-25 22:20:49 +0000, 2019-05-26 06:29:35 +0000, 489, NO, 72, 49, 90, 210, 140, 0, N/A, 
2019-05-26 22:46:47 +0000, 2019-05-27 06:51:18 +0000, 485, NO, 80, 35, 100, 190, 160, 0, N/A, 
2019-05-27 22:18:25 +0000, 2019-05-28 05:50:18 +0000, 452, NO, 74, 22, 50, 220, 160, 0, N/A, 
2019-05-28 20:49:46 +0000, 2019-05-29 05:25:11 +0000, 515, NO, 64, 95, 60, 180, 180, 0, N/A, 
2019-05-29 23:41:58 +0000, 2019-05-30 05:25:16 +0000, 343, NO, 58, 43, 20, 140, 140, 0, N/A, 
2019-05-30 21:41:01 +0000, 2019-05-31 05:25:16 +0000, 464, NO, 74, 54, 80, 140, 190, 0, N/A, 
2019-05-31 23:14:04 +0000, 2019-06-01 07:25:34 +0000, 492, NO, 72, 41, 50, 200, 200, 0, N/A, 
2019-06-01 23:55:23 +0000, 2019-06-02 07:25:04 +0000, 450, NO, 62, 100, 60, 180, 110, 0, N/A, 
2019-06-02 21:54:00 +0000, 2019-06-03 05:25:08 +0000, 451, NO, 72, 31, 60, 170, 190, 0, N/A, 
2019-06-03 21:51:15 +0000, 2019-06-04 05:25:07 +0000, 454, NO, 50, 124, 40, 190, 100, 0, Bad, 
2019-06-04 20:27:12 +0000, 2019-06-05 05:25:11 +0000, 538, NO, 80, 58, 130, 200, 150, 0, Great, 
2019-06-05 21:43:42 +0000, 2019-06-06 05:25:08 +0000, 461, NO, 42, 151, 30, 140, 140, 0, N/A, 
2019-06-06 22:10:09 +0000, 2019-06-07 05:25:11 +0000, 435, NO, 68, 65, 60, 180, 130, 0, N/A, 
2019-06-07 23:16:19 +0000, 2019-06-08 06:36:09 +0000, 440, NO, 76, 50, 100, 170, 120, 0, N/A, 
2019-06-08 17:16:09 +0000, 2019-06-08 17:58:42 +0000, 43, YES, 50, 23, 0, 10, 10, 2, Ok, 
2019-06-08 23:41:00 +0000, 2019-06-09 07:00:10 +0000, 439, NO, 70, 49, 70, 190, 130, 0, N/A, 
2019-06-09 21:15:33 +0000, 2019-06-09 21:15:33 +0000, 0, NO,  0, 0, 0, 0, 0, 0, N/A, 
2019-06-09 21:15:33 +0000, 2019-06-10 05:25:09 +0000, 490, NO, 64, 70, 50, 230, 140, 0, N/A, 
2019-06-10 21:30:12 +0000, 2019-06-11 05:25:09 +0000, 475, NO, 72, 75, 140, 160, 100, 0, N/A, 
2019-06-12 22:45:54 +0000, 2019-06-13 05:25:10 +0000, 399, NO, 64, 89, 110, 100, 100, 0, Good, 
2019-06-13 22:01:10 +0000, 2019-06-14 05:25:12 +0000, 444, NO, 62, 104, 60, 180, 100, 0, N/A, 
2019-06-14 21:14:18 +0000, 2019-06-15 06:00:09 +0000, 526, NO, 80, 46, 110, 200, 170, 0, N/A, 
2019-06-15 23:43:03 +0000, 2019-06-16 07:30:07 +0000, 467, NO, 60, 77, 40, 170, 180, 0, N/A, 
2019-06-16 21:50:06 +0000, 2019-06-17 05:25:09 +0000, 455, NO, 78, 35, 80, 200, 140, 0, N/A, 
2019-06-17 22:06:03 +0000, 2019-06-18 05:25:19 +0000, 439, NO, 60, 79, 50, 200, 110, 0, N/A, 
2019-06-18 21:27:46 +0000, 2019-06-19 05:25:13 +0000, 477, NO, 58, 107, 30, 200, 140, 0, N/A, 
2019-06-19 20:57:25 +0000, 2019-06-20 04:59:36 +0000, 482, NO, 78, 42, 70, 190, 180, 0, N/A, 
2019-06-20 21:23:21 +0000, 2019-06-20 21:23:21 +0000, 0, NO,  0, 0, 0, 0, 0, 0, N/A, 
2019-06-20 21:23:21 +0000, 2019-06-21 05:25:22 +0000, 482, NO, 70, 30, 140, 132, 180, 0, N/A, 
2019-06-21 22:47:00 +0000, 2019-06-22 06:00:20 +0000, 433, NO, 84, 33, 100, 160, 140, 0, N/A, 
2019-06-22 23:05:52 +0000, 2019-06-23 07:00:11 +0000, 474, NO, 76, 24, 60, 220, 170, 0, N/A, 
2019-06-24 21:14:14 +0000, 2019-06-25 05:25:12 +0000, 491, NO, 72, 51, 70, 190, 180, 0, N/A, 
2019-06-25 21:27:10 +0000, 2019-06-26 05:25:09 +0000, 478, NO, 72, 78, 90, 180, 130, 0, N/A, 
2019-06-26 22:10:43 +0000, 2019-06-27 05:25:11 +0000, 434, NO, 66, 74, 70, 150, 140, 0, N/A, 
2019-06-27 21:17:58 +0000, 2019-06-27 21:17:58 +0000, 0, NO,  0, 0, 0, 0, 0, 0, N/A, 
2019-06-27 21:17:58 +0000, 2019-06-28 05:25:50 +0000, 488, NO, 74, 78, 120, 170, 120, 0, N/A, 
2019-06-28 22:55:03 +0000, 2019-06-29 06:34:31 +0000, 459, NO, 74, 49, 90, 190, 130, 0, N/A, 
2019-06-29 23:04:58 +0000, 2019-06-29 23:04:58 +0000, 0, NO,  0, 0, 0, 0, 0, 0, N/A, 
2019-06-29 23:04:58 +0000, 2019-06-30 07:08:03 +0000, 483, NO, 64, 83, 40, 170, 190, 0, N/A, 
2019-06-30 21:04:32 +0000, 2019-07-01 05:26:04 +0000, 502, NO, 68, 71, 60, 210, 160, 0, Ok, 
2019-07-01 21:28:02 +0000, 2019-07-02 05:25:16 +0000, 477, NO, 76, 67, 130, 160, 120, 0, N/A, 
2019-07-02 20:57:00 +0000, 2019-07-02 20:57:00 +0000, 0, NO,  0, 0, 0, 0, 0, 0, N/A, 
2019-07-02 20:57:00 +0000, 2019-07-03 05:25:19 +0000, 508, NO, 82, 38, 140, 180, 150, 0, N/A, 
2019-07-03 21:12:01 +0000, 2019-07-04 05:26:52 +0000, 495, NO, 72, 85, 80, 180, 150, 0, Ok, 
2019-07-04 21:30:50 +0000, 2019-07-05 05:25:11 +0000, 474, NO, 72, 74, 90, 190, 120, 0, N/A, 
2019-07-04 21:30:49 +0000, 2019-07-05 05:25:11 +0000, 474, NO, 72, 74, 90, 190, 120, 0, N/A, 
2019-07-06 23:01:44 +0000, 2019-07-07 06:29:05 +0000, 447, NO, 70, 27, 50, 200, 170, 0, Ok, 
2019-07-07 21:19:33 +0000, 2019-07-08 05:25:49 +0000, 486, NO, 74, 86, 110, 160, 130, 0, N/A, 
2019-07-08 21:29:05 +0000, 2019-07-08 21:29:05 +0000, 0, NO,  0, 0, 0, 0, 0, 0, N/A, 
2019-07-08 21:29:05 +0000, 2019-07-09 05:25:36 +0000, 477, NO, 68, 86, 80, 170, 140, 0, N/A, 
2019-07-09 20:59:22 +0000, 2019-07-09 20:59:22 +0000, 0, NO,  0, 0, 0, 0, 0, 0, N/A, 
2019-07-09 20:59:21 +0000, 2019-07-10 05:25:23 +0000, 506, NO, 70, 96, 100, 160, 150, 0, N/A, 
2019-07-10 20:58:38 +0000, 2019-07-10 20:58:38 +0000, 0, NO,  0, 0, 0, 0, 0, 0, N/A, 
2019-07-10 20:58:41 +0000, 2019-07-11 05:27:39 +0000, 509, NO, 66, 99, 70, 200, 140, 0, N/A, 
2019-07-11 21:31:00 +0000, 2019-07-11 21:31:00 +0000, 0, NO,  0, 0, 0, 0, 0, 0, N/A, 
2019-07-11 21:31:00 +0000, 2019-07-12 05:24:51 +0000, 474, NO, 82, 44, 100, 170, 160, 0, N/A, 
2019-07-12 22:28:13 +0000, 2019-07-12 22:28:13 +0000, 0, NO,  0, 0, 0, 0, 0, 0, N/A, 
2019-07-12 22:28:13 +0000, 2019-07-13 07:56:05 +0000, 568, NO, 78, 38, 110, 250, 170, 0, N/A, 
2019-07-13 23:04:07 +0000, 2019-07-13 23:04:07 +0000, 0, NO,  0, 0, 0, 0, 0, 0, N/A, 
2019-07-13 23:04:06 +0000, 2019-07-14 07:21:01 +0000, 497, NO, 66, 127, 110, 140, 120, 0, Good, 
2019-07-14 19:56:28 +0000, 2019-07-14 19:56:28 +0000, 0, NO,  0, 0, 0, 0, 0, 0, N/A, 
2019-07-14 19:56:27 +0000, 2019-07-15 05:25:09 +0000, 569, NO, 64, 129, 70, 250, 120, 0, N/A, 
2019-07-15 21:25:08 +0000, 2019-07-15 21:25:08 +0000, 0, NO,  0, 0, 0, 0, 0, 0, N/A, 
2019-07-15 21:25:08 +0000, 2019-07-16 05:25:11 +0000, 480, NO, 76, 40, 90, 190, 160, 0, N/A, 
2019-07-16 21:09:48 +0000, 2019-07-16 21:09:48 +0000, 0, NO,  0, 0, 0, 0, 0, 0, N/A, 
2019-07-16 21:09:48 +0000, 2019-07-17 05:35:40 +0000, 506, NO, 60, 106, 40, 190, 170, 0, N/A, 
2019-07-17 21:16:28 +0000, 2019-07-18 05:25:14 +0000, 489, NO, 64, 79, 60, 210, 140, 0, N/A, 
2019-07-18 21:23:11 +0000, 2019-07-19 05:25:13 +0000, 482, NO, 72, 52, 60, 170, 200, 0, N/A, 
2019-07-19 22:17:50 +0000, 2019-07-20 06:25:13 +0000, 487, NO, 68, 77, 80, 230, 100, 0, N/A, 
2019-07-20 22:49:09 +0000, 2019-07-20 22:49:09 +0000, 0, NO,  0, 0, 0, 0, 0, 0, N/A, 
2019-07-20 22:49:08 +0000, 2019-07-21 06:09:00 +0000, 440, NO, 84, 30, 120, 160, 130, 0, N/A, 
2019-07-21 21:06:59 +0000, 2019-07-21 21:06:59 +0000, 0, NO,  0, 0, 0, 0, 0, 0, N/A, 
2019-07-21 21:06:59 +0000, 2019-07-22 05:25:15 +0000, 498, NO, 70, 98, 90, 160, 150, 0, N/A, 
2019-07-22 21:22:15 +0000, 2019-07-22 21:22:15 +0000, 0, NO,  0, 0, 0, 0, 0, 0, N/A, 
2019-07-22 21:22:15 +0000, 2019-07-23 05:25:11 +0000, 483, NO, 68, 103, 90, 160, 130, 0, N/A, 
2019-07-23 21:36:46 +0000, 2019-07-23 21:36:46 +0000, 0, NO,  0, 0, 0, 0, 0, 0, N/A, 
2019-07-23 21:36:46 +0000, 2019-07-24 05:27:38 +0000, 471, NO, 64, 81, 50, 160, 180, 0, N/A, 
2019-07-24 22:16:17 +0000, 2019-07-24 22:16:17 +0000, 0, NO,  0, 0, 0, 0, 0, 0, N/A, 
2019-07-24 22:16:17 +0000, 2019-07-25 04:49:27 +0000, 393, NO, 70, 33, 60, 170, 130, 0, Ok, 
2019-07-25 21:55:39 +0000, 2019-07-25 21:55:39 +0000, 0, NO,  0, 0, 0, 0, 0, 0, N/A, 
2019-07-25 21:55:39 +0000, 2019-07-26 05:24:59 +0000, 449, NO, 70, 69, 90, 160, 130, 0, N/A, 
2019-07-26 21:28:53 +0000, 2019-07-26 21:28:53 +0000, 0, NO,  0, 0, 0, 0, 0, 0, N/A, 
2019-07-26 21:28:53 +0000, 2019-07-27 06:38:46 +0000, 550, NO, 78, 60, 120, 230, 140, 0, N/A, 
2019-07-28 00:01:50 +0000, 2019-07-28 00:01:50 +0000, 0, NO,  0, 0, 0, 0, 0, 0, N/A, 
2019-07-28 00:01:50 +0000, 2019-07-28 07:49:17 +0000, 467, NO, 72, 57, 50, 200, 160, 0, N/A, 
2019-07-28 21:37:33 +0000, 2019-07-28 21:37:33 +0000, 0, NO,  0, 0, 0, 0, 0, 0, N/A, 
2019-07-28 21:37:33 +0000, 2019-07-29 05:25:40 +0000, 468, NO, 62, 58, 70, 150, 190, 0, Ok, 
2019-07-29 21:44:17 +0000, 2019-07-29 21:44:17 +0000, 0, NO,  0, 0, 0, 0, 0, 0, N/A, 
2019-07-29 21:44:17 +0000, 2019-07-30 05:25:22 +0000, 461, NO, 68, 81, 80, 160, 140, 0, N/A, 
2019-07-30 20:12:26 +0000, 2019-07-30 20:12:26 +0000, 0, NO,  0, 0, 0, 0, 0, 0, N/A, 
2019-07-30 20:12:26 +0000, 2019-07-31 05:25:18 +0000, 553, NO, 62, 113, 50, 210, 180, 0, N/A, 
2019-07-31 21:54:56 +0000, 2019-07-31 21:54:56 +0000, 0, NO,  0, 0, 0, 0, 0, 0, N/A, 
2019-07-31 21:54:56 +0000, 2019-08-01 05:25:12 +0000, 450, NO, 76, 40, 70, 180, 160, 0, N/A, 
2019-08-01 21:32:00 +0000, 2019-08-01 21:32:00 +0000, 0, NO,  0, 0, 0, 0, 0, 0, N/A, 
2019-08-01 21:31:59 +0000, 2019-08-02 05:25:18 +0000, 473, NO, 66, 103, 70, 170, 130, 0, N/A, 
2019-08-02 22:16:54 +0000, 2019-08-02 22:16:54 +0000, 0, NO,  0, 0, 0, 0, 0, 0, N/A, 
2019-08-02 23:25:06 +0000, 2019-08-02 23:25:06 +0000, 0, NO,  0, 0, 0, 0, 0, 0, N/A, 
2019-08-03 00:20:13 +0000, 2019-08-03 00:20:13 +0000, 0, NO,  0, 0, 0, 0, 0, 0, N/A, 
2019-08-03 21:38:58 +0000, 2019-08-03 21:38:58 +0000, 0, NO,  0, 0, 0, 0, 0, 0, N/A, 
2019-08-03 21:38:58 +0000, 2019-08-04 04:16:05 +0000, 397, NO, 76, 47, 50, 140, 160, 0, N/A, 
2019-08-04 21:17:27 +0000, 2019-08-04 21:17:27 +0000, 0, NO,  0, 0, 0, 0, 0, 0, N/A, 
2019-08-04 21:17:27 +0000, 2019-08-05 05:25:08 +0000, 488, NO, 58, 108, 40, 190, 150, 0, N/A, 
2019-08-05 21:21:44 +0000, 2019-08-05 21:21:44 +0000, 0, NO,  0, 0, 0, 0, 0, 0, N/A, 
2019-08-05 21:21:45 +0000, 2019-08-06 05:25:10 +0000, 483, NO, 72, 93, 100, 180, 110, 0, N/A, 
2019-08-06 21:08:49 +0000, 2019-08-06 21:08:49 +0000, 0, NO,  0, 0, 0, 0, 0, 0, N/A, 
2019-08-06 21:08:48 +0000, 2019-08-07 05:25:08 +0000, 496, NO, 74, 76, 140, 160, 120, 0, N/A, 
2019-08-07 21:00:57 +0000, 2019-08-07 21:00:57 +0000, 0, NO,  0, 0, 0, 0, 0, 0, N/A, 
2019-08-07 21:00:57 +0000, 2019-08-08 05:25:09 +0000, 504, NO, 76, 74, 100, 190, 140, 0, N/A, 
2019-08-08 21:48:41 +0000, 2019-08-08 21:48:41 +0000, 0, NO,  0, 0, 0, 0, 0, 0, N/A, 
2019-08-08 21:48:41 +0000, 2019-08-09 05:25:10 +0000, 456, NO, 62, 76, 50, 220, 110, 0, N/A, 
2019-08-09 22:44:45 +0000, 2019-08-10 05:51:25 +0000, 427, NO, 70, 67, 80, 140, 140, 0, N/A, 
2019-08-10 22:46:45 +0000, 2019-08-11 07:00:10 +0000, 493, NO, 68, 53, 40, 210, 190, 0, N/A, 
2019-08-11 21:50:13 +0000, 2019-08-12 05:25:29 +0000, 455, NO, 90, 25, 130, 150, 150, 0, Great, 
2019-08-12 21:17:41 +0000, 2019-08-13 05:25:09 +0000, 487, NO, 80, 47, 90, 180, 170, 0, Great, 
2019-08-13 21:25:56 +0000, 2019-08-14 05:25:07 +0000, 479, NO, 60, 69, 30, 210, 170, 0, N/A, 
2019-08-14 21:43:40 +0000, 2019-08-15 05:25:12 +0000, 462, NO, 78, 41, 70, 170, 180, 0, N/A, 
2019-08-15 21:17:13 +0000, 2019-08-15 21:17:13 +0000, 0, NO,  0, 0, 0, 0, 0, 0, N/A, 
2019-08-15 21:17:13 +0000, 2019-08-16 05:27:21 +0000, 490, NO, 64, 90, 50, 150, 200, 0, N/A, 
2019-08-16 21:18:48 +0000, 2019-08-17 06:25:07 +0000, 546, NO, 72, 46, 60, 240, 200, 0, N/A, 
2019-08-18 21:34:46 +0000, 2019-08-19 05:25:10 +0000, 470, NO, 72, 70, 100, 140, 160, 0, N/A, 
2019-08-19 20:52:40 +0000, 2019-08-20 05:25:12 +0000, 513, NO, 74, 43, 50, 230, 190, 0, N/A, 
2019-08-20 21:05:31 +0000, 2019-08-21 05:25:06 +0000, 500, NO, 74, 70, 90, 200, 140, 0, Good, 
2019-08-21 21:30:52 +0000, 2019-08-22 05:25:06 +0000, 474, NO, 78, 34, 80, 180, 180, 0, N/A, 
2019-08-22 21:01:47 +0000, 2019-08-23 05:25:10 +0000, 503, NO, 74, 63, 90, 190, 160, 0, N/A, 
2019-08-23 21:31:42 +0000, 2019-08-23 21:54:48 +0000, 23, YES,  0, 23, 0, 0, 0, 0, N/A, 
2019-08-23 21:54:57 +0000, 2019-08-24 06:25:09 +0000, 510, NO, 78, 70, 120, 160, 160, 0, N/A, 
2019-08-24 23:06:09 +0000, 2019-08-25 07:10:15 +0000, 484, NO, 62, 94, 50, 160, 180, 0, N/A, 
2019-08-25 23:41:03 +0000, 2019-08-26 06:50:40 +0000, 430, NO, 82, 30, 100, 160, 140, 0, N/A, 
2019-08-26 21:51:39 +0000, 2019-08-27 06:00:27 +0000, 489, NO, 72, 69, 90, 180, 150, 0, N/A, 
2019-08-27 21:32:13 +0000, 2019-08-28 06:00:13 +0000, 508, NO, 74, 68, 90, 190, 160, 0, N/A, 
2019-08-28 22:06:57 +0000, 2019-08-29 06:00:08 +0000, 473, NO, 50, 103, 10, 170, 190, 0, Not Good, 
2019-08-29 21:18:20 +0000, 2019-08-30 05:28:20 +0000, 490, NO, 72, 60, 70, 210, 150, 0, N/A, 
2019-08-31 21:42:52 +0000, 2019-09-01 06:00:09 +0000, 497, NO, 68, 57, 60, 230, 150, 0, N/A, 
2019-09-01 20:39:56 +0000, 2019-09-02 05:20:49 +0000, 521, NO, 76, 51, 70, 230, 170, 0, N/A, 
2019-09-02 21:34:31 +0000, 2019-09-03 05:25:06 +0000, 471, NO, 64, 51, 30, 210, 180, 0, N/A, 
2019-09-03 20:54:01 +0000, 2019-09-04 05:25:09 +0000, 511, NO, 84, 31, 100, 200, 180, 0, N/A, 
2019-09-04 21:47:56 +0000, 2019-09-05 05:25:20 +0000, 457, NO, 70, 37, 40, 210, 170, 0, N/A, 
2019-09-05 21:32:46 +0000, 2019-09-06 05:25:08 +0000, 472, NO, 84, 22, 110, 180, 160, 0, N/A, 
2019-09-06 21:20:00 +0000, 2019-09-07 06:15:06 +0000, 535, NO, 76, 45, 40, 250, 200, 0, N/A, 
2019-09-07 23:53:43 +0000, 2019-09-08 07:15:08 +0000, 441, NO, 70, 31, 40, 160, 210, 0, N/A, 
2019-09-08 21:26:45 +0000, 2019-09-09 05:25:20 +0000, 479, NO, 64, 79, 70, 190, 140, 0, N/A, 
2019-09-09 21:21:13 +0000, 2019-09-10 05:25:12 +0000, 484, NO, 72, 34, 60, 190, 200, 0, N/A, 
2019-09-10 20:54:54 +0000, 2019-09-11 05:25:08 +0000, 510, NO, 76, 60, 70, 210, 170, 0, N/A, 
2019-09-11 21:24:44 +0000, 2019-09-12 05:25:06 +0000, 480, NO, 66, 60, 50, 170, 200, 0, N/A, 
2019-09-12 21:07:08 +0000, 2019-09-13 05:25:07 +0000, 498, NO, 72, 48, 60, 240, 150, 0, N/A, 
2019-09-13 21:36:06 +0000, 2019-09-14 06:25:09 +0000, 529, NO, 86, 29, 110, 200, 190, 0, N/A, 
2019-09-14 06:25:21 +0000, 2019-09-14 06:25:21 +0000, 0, NO,  0, 0, 0, 0, 0, 0, N/A, 
2019-09-14 22:31:27 +0000, 2019-09-14 22:31:27 +0000, 0, NO,  0, 0, 0, 0, 0, 0, N/A, 
2019-09-14 22:31:27 +0000, 2019-09-15 07:28:11 +0000, 537, NO, 68, 27, 40, 240, 230, 0, N/A, 
2019-09-15 21:27:45 +0000, 2019-09-16 05:25:12 +0000, 477, NO, 80, 37, 130, 180, 130, 0, N/A, 
2019-09-16 21:25:43 +0000, 2019-09-17 05:25:11 +0000, 479, NO, 70, 79, 80, 170, 150, 0, N/A, 
2019-09-17 21:19:40 +0000, 2019-09-18 05:25:40 +0000, 486, NO, 74, 66, 100, 160, 160, 0, N/A, 
2019-09-18 21:52:04 +0000, 2019-09-19 05:25:07 +0000, 453, NO, 72, 33, 50, 220, 150, 0, N/A, 
2019-09-20 21:52:49 +0000, 2019-09-21 06:30:09 +0000, 517, NO, 76, 47, 80, 210, 180, 0, N/A, 
2019-09-22 00:10:37 +0000, 2019-09-22 00:10:37 +0000, 0, NO,  0, 0, 0, 0, 0, 0, N/A, 
2019-09-22 20:38:48 +0000, 2019-09-22 20:38:48 +0000, 0, NO,  0, 0, 0, 0, 0, 0, N/A, 
2019-09-29 20:19:39 +0000, 2019-09-29 20:19:39 +0000, 0, NO,  0, 0, 0, 0, 0, 0, N/A, 
2019-09-29 20:23:28 +0000, 2019-09-29 20:23:28 +0000, 0, NO,  0, 0, 0, 0, 0, 0, N/A, 
2019-09-29 21:21:58 +0000, 2019-09-30 05:25:08 +0000, 483, NO, 70, 53, 50, 180, 200, 0, N/A, 
2019-09-30 20:49:20 +0000, 2019-10-01 05:25:14 +0000, 516, NO, 64, 56, 30, 240, 190, 0, N/A, 
2019-10-01 20:25:56 +0000, 2019-10-02 05:15:35 +0000, 530, NO, 76, 70, 90, 220, 150, 0, N/A, 
2019-10-02 20:54:04 +0000, 2019-10-03 05:25:07 +0000, 511, NO, 74, 51, 80, 190, 190, 0, N/A, 
2019-10-03 21:04:46 +0000, 2019-10-04 05:25:09 +0000, 500, NO, 74, 40, 50, 200, 210, 0, N/A, 
2019-10-04 21:36:40 +0000, 2019-10-05 06:25:07 +0000, 528, NO, 78, 78, 120, 210, 120, 0, N/A, 
2019-10-06 01:06:36 +0000, 2019-10-06 08:59:47 +0000, 473, NO, 72, 53, 70, 190, 160, 0, N/A, 
2019-10-06 21:29:40 +0000, 2019-10-07 05:25:10 +0000, 475, NO, 76, 65, 90, 190, 130, 0, N/A, 
2019-10-07 22:14:33 +0000, 2019-10-08 05:25:09 +0000, 431, NO, 74, 51, 70, 130, 180, 0, N/A, 
2019-10-08 22:27:20 +0000, 2019-10-09 05:25:18 +0000, 418, NO, 70, 48, 50, 190, 130, 0, N/A, 
2019-10-09 21:43:43 +0000, 2019-10-10 05:25:07 +0000, 461, NO, 66, 51, 30, 200, 180, 0, N/A, 
2019-10-10 21:12:52 +0000, 2019-10-11 05:25:15 +0000, 492, NO, 80, 22, 80, 190, 200, 0, N/A, 
2019-10-11 22:21:55 +0000, 2019-10-12 07:02:08 +0000, 520, NO, 80, 30, 90, 220, 180, 0, N/A, 
2019-10-12 22:52:45 +0000, 2019-10-13 06:52:41 +0000, 480, NO, 78, 30, 110, 210, 130, 0, Ok, 
2019-10-14 21:52:44 +0000, 2019-10-15 05:25:12 +0000, 452, NO, 70, 32, 60, 170, 190, 0, N/A, 
2019-10-15 21:50:10 +0000, 2019-10-16 05:25:08 +0000, 455, NO, 58, 95, 60, 100, 200, 0, N/A, 
2019-10-16 21:57:06 +0000, 2019-10-17 05:25:13 +0000, 448, NO, 68, 68, 60, 170, 150, 0, N/A, 
2019-10-17 21:42:51 +0000, 2019-10-18 06:42:19 +0000, 539, NO, 82, 39, 130, 220, 150, 0, N/A, 
2019-10-18 23:36:51 +0000, 2019-10-19 07:50:11 +0000, 493, NO, 82, 33, 110, 180, 170, 0, N/A, 
2019-10-19 23:13:03 +0000, 2019-10-20 07:18:47 +0000, 486, NO, 80, 46, 110, 170, 160, 0, N/A, 
2019-10-20 22:21:02 +0000, 2019-10-21 05:25:24 +0000, 424, NO, 70, 34, 40, 200, 150, 0, N/A, 
2019-10-21 20:49:31 +0000, 2019-10-22 05:30:20 +0000, 521, NO, 76, 41, 80, 230, 170, 0, N/A, 
2019-10-22 21:13:51 +0000, 2019-10-23 05:35:37 +0000, 502, NO, 66, 92, 60, 220, 130, 0, N/A, 
2019-10-23 21:20:56 +0000, 2019-10-23 21:20:56 +0000, 0, NO,  0, 0, 0, 0, 0, 0, N/A, 
2019-10-23 21:20:56 +0000, 2019-10-24 05:50:25 +0000, 509, NO, 74, 69, 90, 190, 160, 0, N/A, 
2019-10-24 21:04:36 +0000, 2019-10-24 21:04:36 +0000, 0, NO,  0, 0, 0, 0, 0, 0, N/A, 
2019-10-24 21:04:36 +0000, 2019-10-25 05:50:01 +0000, 525, NO, 76, 65, 100, 210, 150, 0, Good, 
2019-10-25 20:49:00 +0000, 2019-10-26 06:30:24 +0000, 581, NO, 70, 71, 70, 200, 240, 0, N/A, 
2019-10-26 22:00:37 +0000, 2019-10-26 22:00:37 +0000, 0, NO,  0, 0, 0, 0, 0, 0, N/A, 
2019-10-26 22:00:37 +0000, 2019-10-27 06:49:38 +0000, 529, NO, 74, 69, 80, 230, 150, 0, N/A, 
2019-10-27 22:15:10 +0000, 2019-10-28 06:30:07 +0000, 495, NO, 72, 65, 70, 210, 150, 0, N/A, 
2019-10-28 22:05:19 +0000, 2019-10-29 06:32:41 +0000, 507, NO, 80, 47, 90, 200, 170, 0, N/A, 
2019-10-29 22:31:20 +0000, 2019-10-29 22:31:20 +0000, 0, NO,  0, 0, 0, 0, 0, 0, N/A, 
2019-10-29 22:31:20 +0000, 2019-10-30 06:37:24 +0000, 486, NO, 74, 26, 60, 220, 180, 0, N/A, 
2019-10-30 22:31:38 +0000, 2019-10-31 06:40:10 +0000, 489, NO, 74, 39, 70, 230, 150, 0, N/A, 
2019-10-31 22:48:31 +0000, 2019-10-31 22:48:31 +0000, 0, NO,  0, 0, 0, 0, 0, 0, N/A, 
2019-10-31 22:48:31 +0000, 2019-11-01 06:33:38 +0000, 465, NO, 70, 35, 40, 190, 200, 0, N/A, 
2019-11-01 23:21:37 +0000, 2019-11-02 06:59:28 +0000, 458, NO, 56, 98, 30, 160, 170, 0, N/A, 
2019-11-02 21:52:09 +0000, 2019-11-03 07:03:52 +0000, 552, NO, 72, 32, 50, 260, 210, 0, N/A, 
2019-11-03 20:59:58 +0000, 2019-11-04 06:02:28 +0000, 542, NO, 68, 52, 50, 260, 180, 0, N/A, 
2019-11-04 22:43:44 +0000, 2019-11-05 06:29:27 +0000, 466, NO, 62, 76, 50, 170, 170, 0, N/A, 
2019-11-05 21:50:37 +0000, 2019-11-06 06:30:10 +0000, 520, NO, 78, 50, 100, 210, 160, 0, N/A, 
2019-11-06 21:55:41 +0000, 2019-11-07 06:27:18 +0000, 512, NO, 80, 32, 90, 220, 170, 0, N/A, 
2019-11-07 22:15:34 +0000, 2019-11-08 06:30:10 +0000, 495, NO, 66, 75, 60, 180, 180, 0, N/A, 
2019-11-08 23:06:44 +0000, 2019-11-09 07:30:07 +0000, 503, NO, 80, 43, 80, 220, 160, 0, N/A, 
2019-11-09 23:47:19 +0000, 2019-11-10 07:30:07 +0000, 463, NO, 68, 53, 40, 190, 180, 0, N/A, 
2019-11-10 22:31:09 +0000, 2019-11-11 06:30:07 +0000, 479, NO, 76, 49, 90, 210, 130, 0, N/A, 
2019-11-11 22:37:10 +0000, 2019-11-12 07:00:06 +0000, 503, NO, 72, 53, 80, 210, 160, 0, N/A, 
2019-11-12 22:10:22 +0000, 2019-11-13 06:30:14 +0000, 500, NO, 70, 30, 50, 240, 180, 0, N/A, 
2019-11-13 22:33:45 +0000, 2019-11-14 06:30:09 +0000, 476, NO, 70, 56, 70, 210, 140, 0, N/A, 
2019-11-14 23:01:15 +0000, 2019-11-15 06:30:20 +0000, 449, NO, 78, 29, 110, 160, 150, 0, N/A, 
2019-11-15 22:09:37 +0000, 2019-11-16 07:12:14 +0000, 543, NO, 78, 53, 90, 240, 160, 0, N/A, 
2019-11-17 00:08:26 +0000, 2019-11-17 08:00:09 +0000, 472, NO, 74, 52, 90, 190, 140, 0, N/A, 
2019-11-17 21:10:45 +0000, 2019-11-18 06:00:07 +0000, 529, NO, 74, 69, 100, 190, 170, 0, N/A, 
2019-11-18 22:28:45 +0000, 2019-11-19 06:30:08 +0000, 481, NO, 76, 21, 50, 160, 250, 0, N/A, 
2019-11-19 22:51:13 +0000, 2019-11-20 06:30:09 +0000, 459, NO, 84, 29, 160, 160, 110, 0, N/A, 
2019-11-20 22:47:32 +0000, 2019-11-21 06:30:10 +0000, 463, NO, 82, 23, 100, 180, 160, 0, N/A, 
2019-11-21 22:06:11 +0000, 2019-11-22 06:30:12 +0000, 504, NO, 76, 44, 60, 210, 190, 0, N/A, 
2019-11-22 22:17:44 +0000, 2019-11-23 07:10:47 +0000, 533, NO, 74, 43, 60, 240, 190, 0, N/A, 
2019-11-23 23:37:38 +0000, 2019-11-24 07:30:08 +0000, 472, NO, 76, 22, 40, 210, 200, 0, N/A, 
2019-11-24 23:05:31 +0000, 2019-11-25 06:30:11 +0000, 445, NO, 76, 55, 90, 150, 150, 0, N/A, 
2019-11-25 22:33:53 +0000, 2019-11-26 06:30:18 +0000, 476, NO, 82, 46, 130, 170, 130, 0, N/A, 
2019-11-26 22:19:35 +0000, 2019-11-27 06:30:48 +0000, 491, NO, 76, 31, 80, 210, 170, 0, N/A, 
2019-11-27 22:20:33 +0000, 2019-11-28 06:30:15 +0000, 490, NO, 70, 80, 90, 190, 130, 0, N/A, 
2019-11-28 22:36:53 +0000, 2019-11-29 06:30:10 +0000, 473, NO, 70, 73, 70, 150, 180, 0, N/A, 
2019-11-29 22:22:44 +0000, 2019-11-30 07:30:06 +0000, 547, NO, 80, 47, 120, 220, 160, 0, N/A, 
2019-12-01 00:11:50 +0000, 2019-12-01 07:41:09 +0000, 449, NO, 78, 29, 100, 170, 150, 0, N/A, 
2019-12-01 22:34:37 +0000, 2019-12-02 06:30:08 +0000, 476, NO, 72, 65, 70, 190, 150, 0, N/A, 
2019-12-02 22:41:23 +0000, 2019-12-03 06:30:11 +0000, 469, NO, 66, 69, 50, 200, 150, 0, N/A, 
2019-12-03 22:01:21 +0000, 2019-12-04 06:30:06 +0000, 509, NO, 72, 49, 60, 250, 150, 0, N/A, 
2019-12-04 21:50:57 +0000, 2019-12-05 06:48:42 +0000, 538, NO, 80, 78, 160, 170, 130, 0, N/A, 
2019-12-06 01:15:12 +0000, 2019-12-06 07:57:47 +0000, 403, NO, 66, 43, 30, 170, 160, 0, N/A, 
2019-12-07 00:37:07 +0000, 2019-12-07 07:26:56 +0000, 410, NO, 82, 40, 100, 140, 130, 0, N/A, 
2019-12-08 01:40:33 +0000, 2019-12-08 08:27:18 +0000, 407, NO, 70, 47, 70, 140, 150, 0, N/A, 
2019-12-08 22:11:53 +0000, 2019-12-09 06:30:23 +0000, 499, NO, 82, 28, 170, 170, 130, 0, N/A, 
2019-12-09 22:55:57 +0000, 2019-12-10 06:30:10 +0000, 454, NO, 68, 64, 60, 200, 130, 0, N/A, 
2019-12-10 23:34:41 +0000, 2019-12-11 06:30:08 +0000, 415, NO, 68, 25, 50, 190, 150, 0, N/A, 
2019-12-11 21:58:23 +0000, 2019-12-12 06:30:17 +0000, 512, NO, 80, 22, 80, 230, 180, 0, N/A, 
2019-12-12 22:13:09 +0000, 2019-12-13 07:00:08 +0000, 527, NO, 82, 47, 110, 220, 150, 0, N/A, 
2019-12-14 00:20:48 +0000, 2019-12-14 07:53:00 +0000, 452, NO, 68, 82, 80, 160, 130, 0, N/A, 
2019-12-15 02:09:08 +0000, 2019-12-15 08:26:31 +0000, 377, NO, 70, 37, 60, 160, 120, 0, N/A, 
2019-12-15 22:47:47 +0000, 2019-12-15 23:28:59 +0000, 41, YES,  0, 41, 0, 0, 0, 0, N/A, 
2019-12-15 23:42:37 +0000, 2019-12-16 06:29:19 +0000, 407, NO, 64, 67, 40, 140, 160, 0, N/A, 
2019-12-16 21:48:29 +0000, 2019-12-17 06:30:08 +0000, 522, NO, 76, 52, 90, 230, 150, 0, N/A, 
2019-12-17 22:25:43 +0000, 2019-12-18 06:30:11 +0000, 484, NO, 72, 44, 60, 200, 180, 0, N/A, 
2019-12-18 22:04:08 +0000, 2019-12-19 06:45:08 +0000, 521, NO, 72, 41, 50, 230, 200, 0, N/A, 
2019-12-20 01:00:51 +0000, 2019-12-20 07:00:12 +0000, 359, NO, 74, 39, 100, 120, 100, 0, Ok, 
2019-12-20 23:40:07 +0000, 2019-12-21 06:00:07 +0000, 380, NO, 76, 10, 70, 170, 130, 0, N/A, 
2019-12-21 23:31:12 +0000, 2019-12-22 06:31:12 +0000, 420, NO, 80, 0, 140, 170, 110, 0, N/A, 
2019-12-23 00:24:52 +0000, 2019-12-23 08:34:52 +0000, 490, NO, 78, 30, 110, 210, 140, 0, Ok, 
2019-12-24 01:19:59 +0000, 2019-12-24 07:59:59 +0000, 400, NO, 66, 20, 50, 220, 110, 0, N/A, 
2019-12-24 23:39:36 +0000, 2019-12-25 09:04:36 +0000, 565, NO, 82, 20, 120, 255, 170, 0, N/A, 
2019-12-26 01:09:53 +0000, 2019-12-26 08:55:53 +0000, 466, NO, 80, 20, 156, 180, 110, 0, Ok, 
2019-12-27 22:51:36 +0000, 2019-12-28 08:31:36 +0000, 580, NO, 76, 10, 100, 280, 190, 0, Ok, 
2019-12-28 23:59:33 +0000, 2019-12-29 09:49:33 +0000, 590, NO, 82, 50, 140, 230, 170, 0, Ok, 
2019-12-29 23:00:50 +0000, 2019-12-30 07:21:50 +0000, 501, NO, 80, 30, 100, 231, 140, 0, Ok, 
2019-12-30 22:50:00 +0000, 2019-12-31 08:29:00 +0000, 579, NO, 80, 20, 120, 260, 179, 0, Ok, 
2020-01-01 00:40:00 +0000, 2020-01-01 08:30:00 +0000, 470, NO, 84, 20, 100, 200, 150, 0, N/A, 
2020-01-01 23:21:33 +0000, 2020-01-02 08:00:09 +0000, 519, NO, 76, 79, 130, 170, 140, 0, N/A, 
2020-01-02 22:06:13 +0000, 2020-01-02 22:06:13 +0000, 0, NO,  0, 0, 0, 0, 0, 0, N/A, 
2020-01-03 00:04:22 +0000, 2020-01-03 00:04:22 +0000, 0, NO,  0, 0, 0, 0, 0, 0, N/A, 
2020-01-03 00:04:22 +0000, 2020-01-03 09:04:59 +0000, 541, NO, 72, 41, 50, 240, 210, 0, N/A, 
2020-01-03 23:39:07 +0000, 2020-01-04 08:00:08 +0000, 501, NO, 62, 91, 40, 170, 200, 0, N/A, 
2020-01-05 00:25:13 +0000, 2020-01-05 00:25:13 +0000, 0, NO,  0, 0, 0, 0, 0, 0, N/A, 
2020-01-05 00:25:13 +0000, 2020-01-05 08:43:10 +0000, 498, NO, 66, 98, 60, 200, 140, 0, N/A, 
2020-01-05 22:54:14 +0000, 2020-01-06 06:23:55 +0000, 450, NO, 72, 80, 120, 130, 120, 0, N/A, 
2020-01-06 22:17:53 +0000, 2020-01-06 22:17:53 +0000, 0, NO,  0, 0, 0, 0, 0, 0, N/A, 
2020-01-06 22:17:53 +0000, 2020-01-07 06:28:50 +0000, 491, NO, 62, 81, 40, 180, 190, 0, N/A, 
2020-01-07 22:02:57 +0000, 2020-01-08 06:30:08 +0000, 507, NO, 66, 77, 60, 210, 160, 0, N/A, 
2020-01-08 18:01:42 +0000, 2020-01-08 18:01:42 +0000, 0, NO,  0, 0, 0, 0, 0, 0, N/A, 
2020-01-08 18:01:42 +0000, 2020-01-08 19:20:27 +0000, 79, NO, 50, 29, 0, 30, 20, 0, N/A, 
2020-01-08 22:19:31 +0000, 2020-01-09 06:27:08 +0000, 488, NO, 62, 108, 70, 190, 120, 0, N/A, 
2020-01-09 22:49:29 +0000, 2020-01-10 06:35:23 +0000, 466, NO, 66, 86, 60, 160, 160, 0, N/A, 
2020-01-09 22:49:29 +0000, 2020-01-10 06:35:23 +0000, 466, NO, 66, 86, 60, 160, 160, 0, N/A, 
2020-01-10 23:34:16 +0000, 2020-01-11 07:58:47 +0000, 505, NO, 76, 74, 80, 170, 180, 0, N/A, 
2020-01-12 00:56:48 +0000, 2020-01-12 00:56:48 +0000, 0, NO,  0, 0, 0, 0, 0, 0, N/A, 
2020-01-12 00:56:48 +0000, 2020-01-12 09:09:14 +0000, 492, NO, 56, 62, 60, 120, 250, 0, Ok, 
2020-01-12 21:39:53 +0000, 2020-01-12 21:39:53 +0000, 0, NO,  0, 0, 0, 0, 0, 0, N/A, 
2020-01-12 21:39:53 +0000, 2020-01-13 06:29:39 +0000, 530, NO, 70, 110, 100, 210, 110, 0, N/A, 
2020-01-13 23:12:02 +0000, 2020-01-14 06:37:56 +0000, 446, NO, 72, 66, 60, 130, 190, 0, N/A, 
2020-01-14 22:28:08 +0000, 2020-01-14 22:28:08 +0000, 0, NO,  0, 0, 0, 0, 0, 0, N/A, 
2020-01-14 22:28:07 +0000, 2020-01-15 06:47:31 +0000, 499, NO, 74, 79, 120, 170, 130, 0, N/A, 
2020-01-15 22:56:30 +0000, 2020-01-16 06:30:09 +0000, 454, NO, 68, 84, 60, 130, 180, 0, N/A, 
2020-01-16 22:11:18 +0000, 2020-01-16 22:11:18 +0000, 0, NO,  0, 0, 0, 0, 0, 0, N/A, 
2020-01-16 22:11:18 +0000, 2020-01-17 07:04:26 +0000, 533, NO, 82, 33, 90, 220, 190, 0, N/A, 
2020-01-17 23:50:18 +0000, 2020-01-18 08:10:33 +0000, 0, NO, 82, 40, 80, 200, 180, 0, N/A, 
2020-01-17 23:50:17 +0000, 2020-01-18 08:10:33 +0000, 500, NO, 82, 40, 80, 200, 180, 0, N/A, 
2020-01-18 23:53:52 +0000, 2020-01-19 09:16:44 +0000, 0, NO, 74, 63, 80, 220, 200, 0, N/A, 
2020-01-18 23:53:52 +0000, 2020-01-19 09:16:44 +0000, 563, NO, 74, 63, 80, 220, 200, 0, N/A, 
2020-01-19 23:01:56 +0000, 2020-01-20 06:33:32 +0000, 452, NO, 82, 32, 110, 150, 160, 0, Ok, 
2020-01-19 23:01:56 +0000, 2020-01-20 06:33:32 +0000, 452, NO, 82, 32, 110, 150, 160, 0, N/A, 
2020-01-20 22:34:18 +0000, 2020-01-20 22:34:18 +0000, 0, NO,  0, 0, 0, 0, 0, 0, N/A, 
2020-01-20 22:34:18 +0000, 2020-01-21 06:30:16 +0000, 476, NO, 68, 56, 60, 190, 170, 0, N/A, 
2020-01-21 22:36:51 +0000, 2020-01-22 07:15:07 +0000, 518, NO, 74, 68, 90, 180, 180, 0, N/A, 
2020-01-22 22:31:06 +0000, 2020-01-23 06:30:08 +0000, 479, NO, 78, 69, 100, 150, 160, 0, N/A, 
2020-01-23 23:03:21 +0000, 2020-01-24 06:30:10 +0000, 447, NO, 72, 37, 70, 210, 130, 0, N/A, 
2020-01-25 00:07:35 +0000, 2020-01-25 08:14:09 +0000, 0, NO, 76, 37, 70, 190, 190, 0, N/A, 
2020-01-25 00:07:34 +0000, 2020-01-25 08:14:09 +0000, 487, NO, 76, 37, 70, 190, 190, 0, N/A, 
2020-01-26 00:35:08 +0000, 2020-01-26 00:35:08 +0000, 0, NO,  0, 0, 0, 0, 0, 0, N/A, 
2020-01-26 00:35:08 +0000, 2020-01-26 08:37:46 +0000, 483, NO, 70, 53, 60, 190, 180, 0, N/A, 
2020-01-26 21:40:22 +0000, 2020-01-27 06:49:52 +0000, 0, NO, 76, 79, 100, 220, 150, 0, N/A, 
2020-01-26 21:40:22 +0000, 2020-01-27 06:49:52 +0000, 549, NO, 76, 79, 100, 220, 150, 0, N/A, 
2020-01-27 23:16:33 +0000, 2020-01-28 06:39:19 +0000, 0, NO, 60, 83, 50, 140, 170, 0, N/A, 
2020-01-27 23:16:33 +0000, 2020-01-28 06:39:19 +0000, 443, NO, 60, 83, 50, 140, 170, 0, N/A, 
2020-01-28 22:13:10 +0000, 2020-01-29 06:38:43 +0000, 506, NO, 80, 55, 110, 150, 190, 0, N/A, 
2020-01-28 22:13:10 +0000, 2020-01-29 06:38:43 +0000, 506, NO, 80, 55, 110, 150, 190, 0, N/A, 
2020-01-29 22:32:58 +0000, 2020-01-29 22:32:58 +0000, 0, NO,  0, 0, 0, 0, 0, 0, N/A, 
2020-01-29 22:32:58 +0000, 2020-01-30 06:31:08 +0000, 478, NO, 72, 68, 90, 200, 120, 0, N/A, 
2020-01-30 22:29:02 +0000, 2020-01-30 22:29:02 +0000, 0, NO,  0, 0, 0, 0, 0, 0, N/A, 
2020-01-30 22:29:01 +0000, 2020-01-31 06:39:35 +0000, 491, NO, 70, 41, 160, 140, 150, 0, Good, 
2020-02-01 00:11:43 +0000, 2020-02-01 08:34:56 +0000, 503, NO, 70, 40, 100, 193, 170, 0, N/A, 
2020-02-01 00:11:44 +0000, 2020-02-02 01:17:11 +0000, 1505, NO, 58, 1035, 100, 200, 170, 0, N/A, 
2020-02-02 01:17:55 +0000, 2020-02-02 01:17:55 +0000, 0, NO,  0, 0, 0, 0, 0, 0, N/A, 
2020-02-02 01:17:55 +0000, 2020-02-02 10:12:13 +0000, 534, NO, 58, 54, 60, 130, 290, 0, Ok, 
2020-02-02 19:52:58 +0000, 2020-02-02 19:52:58 +0000, 0, NO,  0, 0, 0, 0, 0, 0, N/A, 
2020-02-02 19:52:57 +0000, 2020-02-03 06:26:46 +0000, 634, NO, 64, 94, 50, 280, 210, 0, N/A, 
2020-02-03 22:08:44 +0000, 2020-02-04 06:31:58 +0000, 0, NO, 62, 83, 40, 230, 150, 0, N/A, 
2020-02-03 22:08:44 +0000, 2020-02-04 06:31:58 +0000, 503, NO, 62, 83, 40, 230, 150, 0, N/A, 
2020-02-04 22:23:54 +0000, 2020-02-04 22:23:54 +0000, 0, NO,  0, 0, 0, 0, 0, 0, N/A, 
2020-02-04 22:23:54 +0000, 2020-02-05 06:37:07 +0000, 493, NO, 76, 33, 70, 210, 180, 0, N/A, 
2020-02-05 22:30:54 +0000, 2020-02-06 06:32:07 +0000, 0, NO, 68, 71, 50, 210, 150, 0, N/A, 
2020-02-05 22:30:54 +0000, 2020-02-06 06:32:07 +0000, 481, NO, 68, 71, 50, 210, 150, 0, N/A, 
2020-02-06 22:42:16 +0000, 2020-02-07 07:18:44 +0000, 516, NO, 78, 56, 110, 180, 170, 0, N/A, 
2020-02-06 22:42:17 +0000, 2020-02-07 07:51:21 +0000, 549, NO, 76, 89, 110, 180, 170, 0, N/A, 
2020-02-07 23:56:50 +0000, 2020-02-08 07:19:09 +0000, 442, NO, 80, 32, 80, 160, 170, 0, N/A, 
2020-02-07 23:56:51 +0000, 2020-02-08 07:42:02 +0000, 465, NO, 78, 55, 80, 160, 170, 0, N/A, 
2020-02-09 00:37:56 +0000, 2020-02-09 00:37:56 +0000, 0, NO,  0, 0, 0, 0, 0, 0, N/A, 
2020-02-09 00:37:56 +0000, 2020-02-09 08:06:58 +0000, 449, NO, 68, 69, 80, 170, 130, 0, N/A, 
2020-02-10 00:05:14 +0000, 2020-02-10 00:05:14 +0000, 0, NO,  0, 0, 0, 0, 0, 0, N/A, 
2020-02-10 00:05:14 +0000, 2020-02-10 07:35:41 +0000, 450, NO, 64, 30, 30, 210, 180, 0, N/A, 
2020-02-10 21:15:43 +0000, 2020-02-10 21:15:43 +0000, 0, NO,  0, 0, 0, 0, 0, 0, N/A, 
2020-02-10 21:15:43 +0000, 2020-02-11 06:30:15 +0000, 555, NO, 80, 54, 120, 230, 150, 0, N/A, 
2020-02-11 22:02:08 +0000, 2020-02-11 22:02:08 +0000, 0, NO,  0, 0, 0, 0, 0, 0, N/A, 
2020-02-11 22:02:08 +0000, 2020-02-12 06:30:14 +0000, 508, NO, 76, 58, 100, 200, 150, 0, N/A, 
2020-02-12 21:50:56 +0000, 2020-02-13 06:30:10 +0000, 0, NO, 76, 59, 100, 210, 150, 0, N/A, 
2020-02-12 21:50:56 +0000, 2020-02-13 06:30:10 +0000, 519, NO, 76, 59, 100, 210, 150, 0, N/A, 
2020-02-13 21:58:00 +0000, 2020-02-14 06:32:25 +0000, 0, NO, 66, 74, 60, 190, 190, 0, N/A, 
2020-02-13 21:57:59 +0000, 2020-02-14 06:32:25 +0000, 514, NO, 66, 74, 60, 190, 190, 0, N/A, 
2020-02-14 23:19:00 +0000, 2020-02-15 08:33:24 +0000, 0, NO, 76, 74, 90, 220, 170, 0, N/A, 
2020-02-14 23:19:00 +0000, 2020-02-15 08:33:24 +0000, 554, NO, 76, 74, 90, 220, 170, 0, N/A, 
2020-02-16 00:32:59 +0000, 2020-02-16 09:50:49 +0000, 0, NO, 72, 48, 70, 230, 210, 0, N/A, 
2020-02-16 00:32:59 +0000, 2020-02-16 09:50:49 +0000, 558, NO, 72, 48, 70, 230, 210, 0, N/A, 
2020-02-16 22:47:23 +0000, 2020-02-16 22:47:23 +0000, 0, NO,  0, 0, 0, 0, 0, 0, N/A, 
2020-02-16 22:47:22 +0000, 2020-02-17 06:30:22 +0000, 463, NO, 64, 83, 50, 150, 180, 0, N/A, 
2020-02-17 22:58:11 +0000, 2020-02-18 06:30:32 +0000, 0, NO, 64, 72, 50, 160, 170, 0, N/A, 
2020-02-17 22:58:11 +0000, 2020-02-18 06:30:32 +0000, 452, NO, 64, 72, 50, 160, 170, 0, N/A, 
2020-02-18 21:31:53 +0000, 2020-02-18 21:31:53 +0000, 0, NO,  0, 0, 0, 0, 0, 0, N/A, 
2020-02-18 21:31:52 +0000, 2020-02-19 06:29:56 +0000, 538, NO, 64, 88, 50, 240, 160, 0, N/A, 
2020-02-19 22:00:34 +0000, 2020-02-20 06:24:29 +0000, 0, NO, 70, 84, 90, 180, 150, 0, N/A, 
2020-02-19 22:00:47 +0000, 2020-02-20 06:24:29 +0000, 504, NO, 70, 84, 90, 180, 150, 0, N/A, 
2020-02-20 22:07:47 +0000, 2020-02-20 22:07:47 +0000, 0, NO,  0, 0, 0, 0, 0, 0, N/A, 
2020-02-20 22:07:47 +0000, 2020-02-21 06:25:31 +0000, 498, NO, 74, 58, 80, 200, 160, 0, N/A, 
2020-02-21 22:41:38 +0000, 2020-02-22 07:31:16 +0000, 0, NO, 74, 70, 100, 200, 160, 0, N/A, 
2020-02-21 22:41:37 +0000, 2020-02-22 07:31:16 +0000, 530, NO, 74, 70, 100, 200, 160, 0, N/A, 
2020-02-22 23:31:32 +0000, 2020-02-23 07:14:03 +0000, 0, NO, 64, 62, 40, 210, 150, 0, N/A, 
2020-02-22 23:31:32 +0000, 2020-02-23 07:14:03 +0000, 463, NO, 64, 62, 40, 210, 150, 0, N/A, 
2020-02-24 22:00:37 +0000, 2020-02-25 06:30:24 +0000, 0, NO, 60, 130, 80, 170, 130, 0, N/A, 
2020-02-24 22:00:36 +0000, 2020-02-25 06:30:24 +0000, 510, NO, 60, 130, 80, 170, 130, 0, N/A, 
2020-02-26 00:44:01 +0000, 2020-02-26 00:44:01 +0000, 0, NO,  0, 0, 0, 0, 0, 0, N/A, 
2020-02-26 00:44:00 +0000, 2020-02-26 07:56:09 +0000, 432, NO, 64, 62, 40, 180, 150, 0, N/A, 
2020-02-26 22:29:11 +0000, 2020-02-27 06:30:17 +0000, 0, NO, 68, 71, 50, 160, 200, 0, N/A, 
2020-02-26 22:29:10 +0000, 2020-02-27 06:30:17 +0000, 481, NO, 68, 71, 50, 160, 200, 0, N/A, 
2020-02-27 22:07:00 +0000, 2020-02-28 06:28:49 +0000, 0, NO, 76, 62, 70, 160, 210, 0, N/A, 
2020-02-27 22:07:00 +0000, 2020-02-28 06:28:49 +0000, 502, NO, 76, 62, 70, 160, 210, 0, N/A, 
2020-02-28 22:24:10 +0000, 2020-02-28 22:24:10 +0000, 0, NO,  0, 0, 0, 0, 0, 0, N/A, 
2020-02-28 22:24:10 +0000, 2020-02-29 07:00:35 +0000, 516, NO, 70, 36, 40, 250, 190, 0, N/A, 
2020-02-29 22:12:55 +0000, 2020-02-29 22:12:55 +0000, 0, NO,  0, 0, 0, 0, 0, 0, N/A, 
2020-02-29 22:12:54 +0000, 2020-03-01 07:04:37 +0000, 532, NO, 78, 32, 80, 230, 190, 0, N/A, 
2020-03-02 00:15:13 +0000, 2020-03-02 07:17:28 +0000, 0, NO, 76, 32, 70, 190, 130, 0, N/A, 
2020-03-02 00:15:13 +0000, 2020-03-02 07:17:28 +0000, 422, NO, 76, 32, 70, 190, 130, 0, N/A, 
2020-03-02 23:46:32 +0000, 2020-03-02 23:46:32 +0000, 0, NO,  0, 0, 0, 0, 0, 0, N/A, 
2020-03-02 23:46:31 +0000, 2020-03-03 07:48:46 +0000, 482, NO, 68, 62, 60, 240, 120, 0, N/A, 
2020-03-03 21:49:24 +0000, 2020-03-03 21:49:24 +0000, 0, NO,  0, 0, 0, 0, 0, 0, N/A, 
2020-03-03 21:49:24 +0000, 2020-03-04 06:50:55 +0000, 542, NO, 80, 22, 110, 220, 190, 0, N/A, 
2020-03-04 22:50:10 +0000, 2020-03-05 07:53:24 +0000, 0, NO, 84, 33, 100, 230, 180, 0, N/A, 
2020-03-04 22:50:09 +0000, 2020-03-05 07:53:24 +0000, 543, NO, 84, 33, 100, 230, 180, 0, N/A, 
2020-03-05 22:41:11 +0000, 2020-03-06 07:06:44 +0000, 0, NO, 74, 66, 90, 180, 170, 0, N/A, 
2020-03-05 22:41:10 +0000, 2020-03-06 07:06:44 +0000, 506, NO, 74, 66, 90, 180, 170, 0, N/A, 
2020-03-06 23:30:27 +0000, 2020-03-07 07:50:54 +0000, 0, NO, 74, 40, 50, 220, 190, 0, N/A, 
2020-03-06 23:30:27 +0000, 2020-03-07 07:50:54 +0000, 500, NO, 74, 40, 50, 220, 190, 0, N/A, 
2020-03-07 22:17:48 +0000, 2020-03-08 07:42:41 +0000, 0, NO, 78, 85, 130, 200, 150, 0, N/A, 
2020-03-07 22:17:48 +0000, 2020-03-08 07:42:41 +0000, 565, NO, 78, 85, 130, 200, 150, 0, N/A, 
2020-03-08 21:55:35 +0000, 2020-03-09 07:06:22 +0000, 0, NO, 66, 31, 30, 230, 260, 0, N/A, 
2020-03-08 21:55:34 +0000, 2020-03-09 07:06:22 +0000, 551, NO, 66, 31, 30, 230, 260, 0, N/A, 
2020-03-09 21:57:57 +0000, 2020-03-10 06:30:47 +0000, 0, NO, 80, 33, 90, 190, 200, 0, N/A, 
2020-03-09 21:58:09 +0000, 2020-03-10 06:30:47 +0000, 513, NO, 80, 33, 90, 190, 200, 0, N/A, 
2020-03-10 22:19:28 +0000, 2020-03-10 22:19:28 +0000, 0, NO,  0, 0, 0, 0, 0, 0, N/A, 
2020-03-10 22:19:27 +0000, 2020-03-11 06:30:18 +0000, 491, NO, 72, 31, 60, 180, 220, 0, N/A, 
2020-03-11 23:03:26 +0000, 2020-03-11 23:03:26 +0000, 0, NO,  0, 0, 0, 0, 0, 0, N/A, 
2020-03-11 23:03:26 +0000, 2020-03-12 06:30:22 +0000, 447, NO, 76, 37, 90, 170, 150, 0, N/A, 
2020-03-12 22:10:16 +0000, 2020-03-12 22:10:16 +0000, 0, NO,  0, 0, 0, 0, 0, 0, N/A, 
2020-03-12 22:10:16 +0000, 2020-03-13 06:24:24 +0000, 494, NO, 72, 44, 50, 220, 180, 0, N/A, 
2020-03-13 22:01:43 +0000, 2020-03-13 22:01:43 +0000, 0, NO,  0, 0, 0, 0, 0, 0, N/A, 
2020-03-13 22:01:42 +0000, 2020-03-14 09:00:16 +0000, 659, NO, 64, 98, 100, 260, 200, 0, Bad, 
2020-03-15 00:40:25 +0000, 2020-03-15 00:40:25 +0000, 0, NO,  0, 0, 0, 0, 0, 0, N/A, 
2020-03-15 00:40:25 +0000, 2020-03-15 07:17:41 +0000, 397, NO, 74, 57, 100, 130, 110, 0, N/A, 
2020-03-16 00:12:24 +0000, 2020-03-16 00:12:24 +0000, 0, NO,  0, 0, 0, 0, 0, 0, N/A, 
2020-03-16 00:12:23 +0000, 2020-03-16 07:45:19 +0000, 453, NO, 74, 43, 70, 180, 160, 0, N/A, 
2020-03-16 23:27:14 +0000, 2020-03-16 23:27:14 +0000, 0, NO,  0, 0, 0, 0, 0, 0, N/A, 
2020-03-16 23:27:13 +0000, 2020-03-17 07:33:24 +0000, 486, NO, 80, 46, 70, 190, 180, 0, N/A, 
2020-03-17 23:01:23 +0000, 2020-03-17 23:01:23 +0000, 0, NO,  0, 0, 0, 0, 0, 0, N/A, 
2020-03-17 23:01:23 +0000, 2020-03-18 06:57:52 +0000, 476, NO, 76, 26, 60, 220, 170, 0, N/A, 
2020-03-18 23:32:06 +0000, 2020-03-18 23:32:06 +0000, 0, NO,  0, 0, 0, 0, 0, 0, N/A, 
2020-03-18 23:32:06 +0000, 2020-03-19 07:36:32 +0000, 484, NO, 68, 74, 70, 210, 130, 0, N/A, 
2020-03-19 23:00:32 +0000, 2020-03-19 23:00:32 +0000, 0, NO,  0, 0, 0, 0, 0, 0, N/A, 
2020-03-19 23:00:31 +0000, 2020-03-20 07:11:39 +0000, 491, NO, 78, 31, 90, 200, 170, 0, N/A, 
2020-03-20 22:56:37 +0000, 2020-03-20 22:56:37 +0000, 0, NO,  0, 0, 0, 0, 0, 0, N/A, 
2020-03-20 22:56:37 +0000, 2020-03-21 08:00:09 +0000, 544, NO, 80, 33, 110, 190, 210, 0, Good, 
2020-03-22 01:30:55 +0000, 2020-03-22 01:30:55 +0000, 0, NO,  0, 0, 0, 0, 0, 0, N/A, 
2020-03-22 01:30:55 +0000, 2020-03-22 08:50:08 +0000, 439, NO, 72, 69, 100, 170, 100, 0, N/A, 
2020-03-22 22:48:42 +0000, 2020-03-22 22:48:42 +0000, 0, NO,  0, 0, 0, 0, 0, 0, N/A, 
2020-03-22 22:48:42 +0000, 2020-03-23 07:12:17 +0000, 504, NO, 68, 104, 80, 150, 170, 0, N/A, 
2020-03-23 22:49:16 +0000, 2020-03-23 22:49:16 +0000, 0, NO,  0, 0, 0, 0, 0, 0, N/A, 
2020-03-23 22:49:16 +0000, 2020-03-24 07:30:10 +0000, 521, NO, 74, 41, 40, 220, 220, 0, N/A, 
2020-03-24 22:39:09 +0000, 2020-03-24 22:39:09 +0000, 0, NO,  0, 0, 0, 0, 0, 0, N/A, 
2020-03-24 22:39:09 +0000, 2020-03-25 07:15:58 +0000, 517, NO, 76, 67, 90, 200, 160, 0, N/A, 
2020-03-25 22:42:40 +0000, 2020-03-25 22:42:40 +0000, 0, NO,  0, 0, 0, 0, 0, 0, N/A, 
2020-03-25 22:42:40 +0000, 2020-03-26 07:30:05 +0000, 527, NO, 64, 57, 30, 250, 190, 0, N/A, 
2020-03-26 23:18:55 +0000, 2020-03-26 23:18:55 +0000, 0, NO,  0, 0, 0, 0, 0, 0, N/A, 
2020-03-26 23:18:55 +0000, 2020-03-27 07:26:40 +0000, 488, NO, 70, 88, 80, 180, 140, 0, N/A, 
2020-03-28 00:02:42 +0000, 2020-03-28 08:30:08 +0000, 507, NO, 70, 87, 70, 210, 140, 0, N/A, 
2020-03-28 23:21:09 +0000, 2020-03-28 23:21:09 +0000, 0, NO,  0, 0, 0, 0, 0, 0, N/A, 
2020-03-28 23:21:08 +0000, 2020-03-29 07:36:10 +0000, 495, NO, 68, 35, 80, 220, 160, 0, Ok, 
2020-03-29 21:31:33 +0000, 2020-03-29 21:31:33 +0000, 0, NO,  0, 0, 0, 0, 0, 0, N/A, 
2020-03-29 21:31:33 +0000, 2020-03-30 06:30:39 +0000, 539, NO, 72, 99, 80, 180, 180, 0, N/A, 
2020-03-30 16:33:11 +0000, 2020-03-30 16:33:11 +0000, 0, NO,  0, 0, 0, 0, 0, 0, N/A, 
2020-03-30 16:33:11 +0000, 2020-03-30 17:34:32 +0000, 61, NO, 52, 21, 0, 20, 20, 0, N/A, 
2020-03-30 22:01:06 +0000, 2020-03-30 22:01:06 +0000, 0, NO,  0, 0, 0, 0, 0, 0, N/A, 
2020-03-30 22:01:06 +0000, 2020-03-31 06:30:16 +0000, 509, NO, 70, 89, 70, 220, 130, 0, N/A, 
2020-03-31 21:46:27 +0000, 2020-03-31 21:46:27 +0000, 0, NO,  0, 0, 0, 0, 0, 0, N/A, 
2020-03-31 21:46:27 +0000, 2020-04-01 06:30:12 +0000, 524, NO, 74, 84, 80, 170, 190, 0, N/A, 
2020-04-01 21:42:48 +0000, 2020-04-01 21:42:48 +0000, 0, NO,  0, 0, 0, 0, 0, 0, N/A, 
2020-04-01 21:42:48 +0000, 2020-04-02 06:30:05 +0000, 527, NO, 68, 77, 50, 270, 130, 0, N/A, 
2020-04-02 22:12:10 +0000, 2020-04-02 22:12:10 +0000, 0, NO,  0, 0, 0, 0, 0, 0, N/A, 
2020-04-02 22:12:10 +0000, 2020-04-03 06:11:42 +0000, 480, NO, 68, 80, 90, 200, 110, 0, N/A, 
2020-04-03 21:57:33 +0000, 2020-04-03 21:57:33 +0000, 0, NO,  0, 0, 0, 0, 0, 0, N/A, 
2020-04-03 21:57:32 +0000, 2020-04-04 07:34:14 +0000, 577, NO, 64, 107, 40, 220, 210, 0, N/A, 
2020-04-04 23:07:06 +0000, 2020-04-04 23:07:06 +0000, 0, NO,  0, 0, 0, 0, 0, 0, N/A, 
2020-04-04 23:07:06 +0000, 2020-04-05 07:49:52 +0000, 523, NO, 72, 83, 80, 190, 170, 0, N/A, 
2020-04-05 21:40:25 +0000, 2020-04-05 21:40:25 +0000, 0, NO,  0, 0, 0, 0, 0, 0, N/A, 
2020-04-05 21:40:25 +0000, 2020-04-05 22:42:22 +0000, 62, NO,  0, 62, 0, 0, 0, 0, N/A, 
2020-04-05 22:42:30 +0000, 2020-04-05 22:42:30 +0000, 0, NO,  0, 0, 0, 0, 0, 0, N/A, 
2020-04-05 22:42:29 +0000, 2020-04-06 06:30:09 +0000, 468, NO, 64, 78, 50, 190, 150, 0, N/A, 
2020-04-06 22:06:57 +0000, 2020-04-06 22:06:57 +0000, 0, NO,  0, 0, 0, 0, 0, 0, N/A, 
2020-04-06 22:06:57 +0000, 2020-04-07 06:30:25 +0000, 503, NO, 74, 53, 70, 220, 160, 0, N/A, 
2020-04-07 21:49:27 +0000, 2020-04-07 21:49:27 +0000, 0, NO,  0, 0, 0, 0, 0, 0, N/A, 
2020-04-07 21:49:26 +0000, 2020-04-08 06:29:38 +0000, 520, NO, 82, 40, 90, 210, 180, 0, N/A, 
2020-04-08 22:40:05 +0000, 2020-04-08 22:40:05 +0000, 0, NO,  0, 0, 0, 0, 0, 0, N/A, 
2020-04-08 22:40:05 +0000, 2020-04-09 06:26:19 +0000, 466, NO, 66, 76, 50, 170, 170, 0, N/A, 
2020-04-09 21:54:03 +0000, 2020-04-09 21:54:03 +0000, 0, NO,  0, 0, 0, 0, 0, 0, N/A, 
2020-04-09 21:54:03 +0000, 2020-04-10 07:50:11 +0000, 596, NO, 74, 96, 100, 200, 200, 0, N/A, 
2020-04-10 23:37:49 +0000, 2020-04-10 23:37:49 +0000, 0, NO,  0, 0, 0, 0, 0, 0, N/A, 
2020-04-10 23:37:49 +0000, 2020-04-11 07:25:25 +0000, 468, NO, 70, 48, 40, 210, 170, 0, N/A, 
2020-04-11 23:10:12 +0000, 2020-04-11 23:10:12 +0000, 0, NO,  0, 0, 0, 0, 0, 0, N/A, 
2020-04-11 23:10:12 +0000, 2020-04-12 07:34:29 +0000, 504, NO, 56, 104, 30, 180, 190, 0, N/A, 
2020-04-12 23:36:17 +0000, 2020-04-12 23:36:17 +0000, 0, NO,  0, 0, 0, 0, 0, 0, N/A, 
2020-04-12 23:36:17 +0000, 2020-04-13 07:53:06 +0000, 497, NO, 80, 47, 100, 180, 170, 0, N/A, 
2020-04-13 21:56:31 +0000, 2020-04-13 21:56:31 +0000, 0, NO,  0, 0, 0, 0, 0, 0, N/A, 
2020-04-13 21:56:30 +0000, 2020-04-14 06:13:01 +0000, 497, NO, 72, 57, 90, 230, 120, 0, N/A, 
2020-04-14 21:54:21 +0000, 2020-04-14 21:54:21 +0000, 0, NO,  0, 0, 0, 0, 0, 0, N/A, 
2020-04-14 21:54:21 +0000, 2020-04-15 06:08:03 +0000, 494, NO, 70, 64, 70, 230, 130, 0, Ok, 
2020-04-15 21:18:19 +0000, 2020-04-15 21:18:19 +0000, 0, NO,  0, 0, 0, 0, 0, 0, N/A, 
2020-04-15 21:18:18 +0000, 2020-04-16 06:18:26 +0000, 540, NO, 68, 90, 60, 220, 170, 0, N/A, 
2020-04-16 21:23:24 +0000, 2020-04-16 21:23:24 +0000, 0, NO,  0, 0, 0, 0, 0, 0, N/A, 
2020-04-16 21:23:24 +0000, 2020-04-17 06:30:08 +0000, 547, NO, 74, 97, 90, 200, 160, 0, N/A, 
2020-04-17 22:30:41 +0000, 2020-04-17 22:30:41 +0000, 0, NO,  0, 0, 0, 0, 0, 0, N/A, 
2020-04-17 22:30:40 +0000, 2020-04-18 06:34:18 +0000, 484, NO, 70, 74, 70, 160, 180, 0, N/A, 
2020-04-19 23:09:30 +0000, 2020-04-19 23:09:30 +0000, 0, NO,  0, 0, 0, 0, 0, 0, N/A, 
2020-04-19 23:09:30 +0000, 2020-04-20 06:30:06 +0000, 441, NO, 78, 51, 90, 150, 150, 0, N/A, 
2020-04-20 22:16:28 +0000, 2020-04-20 22:16:28 +0000, 0, NO,  0, 0, 0, 0, 0, 0, N/A, 
2020-04-20 22:16:28 +0000, 2020-04-21 07:21:38 +0000, 545, NO, 82, 55, 100, 210, 180, 0, N/A, 
2020-04-21 15:45:38 +0000, 2020-04-21 15:45:38 +0000, 0, NO,  0, 0, 0, 0, 0, 0, N/A, 
2020-04-21 15:45:38 +0000, 2020-04-21 17:16:20 +0000, 91, YES, 24, 11, 0, 10, 70, 0, Good, 
2020-04-21 22:18:45 +0000, 2020-04-21 22:18:45 +0000, 0, NO,  0, 0, 0, 0, 0, 0, N/A, 
2020-04-21 22:18:45 +0000, 2020-04-22 06:15:12 +0000, 476, NO, 70, 96, 120, 140, 120, 0, N/A, 
2020-04-22 15:51:24 +0000, 2020-04-22 15:51:24 +0000, 0, NO,  0, 0, 0, 0, 0, 0, N/A, 
2020-04-22 16:00:44 +0000, 2020-04-22 17:01:34 +0000, 61, YES, 64, 1, 0, 30, 30, 0, Ok, 
2020-04-22 22:17:05 +0000, 2020-04-22 22:17:05 +0000, 0, NO,  0, 0, 0, 0, 0, 0, N/A, 
2020-04-22 22:17:05 +0000, 2020-04-23 06:14:47 +0000, 478, NO, 64, 98, 60, 170, 150, 0, N/A, 
2020-04-23 21:29:51 +0000, 2020-04-23 21:29:51 +0000, 0, NO,  0, 0, 0, 0, 0, 0, N/A, 
2020-04-23 21:29:51 +0000, 2020-04-24 06:16:50 +0000, 527, NO, 64, 117, 100, 210, 100, 0, N/A, 
2020-04-24 22:04:12 +0000, 2020-04-24 22:04:12 +0000, 0, NO,  0, 0, 0, 0, 0, 0, N/A, 
2020-04-24 22:04:11 +0000, 2020-04-25 07:07:34 +0000, 543, NO, 74, 93, 110, 210, 130, 0, N/A, 
2020-04-25 21:50:33 +0000, 2020-04-25 21:50:33 +0000, 0, NO,  0, 0, 0, 0, 0, 0, N/A, 
2020-04-25 21:50:32 +0000, 2020-04-26 06:50:09 +0000, 540, NO, 74, 80, 70, 220, 170, 0, N/A, 
2020-04-26 20:44:19 +0000, 2020-04-26 20:44:19 +0000, 0, NO,  0, 0, 0, 0, 0, 0, N/A, 
2020-04-26 20:44:19 +0000, 2020-04-27 06:25:21 +0000, 581, NO, 74, 71, 80, 220, 210, 0, N/A, 
2020-04-27 21:25:24 +0000, 2020-04-27 21:25:24 +0000, 0, NO,  0, 0, 0, 0, 0, 0, N/A, 
2020-04-27 21:25:23 +0000, 2020-04-28 06:25:20 +0000, 540, NO, 70, 60, 70, 210, 200, 0, N/A, 
2020-04-28 22:09:01 +0000, 2020-04-28 22:09:01 +0000, 0, NO,  0, 0, 0, 0, 0, 0, N/A, 
2020-04-28 22:09:01 +0000, 2020-04-29 06:25:09 +0000, 496, NO, 62, 96, 40, 200, 160, 0, N/A, 
2020-04-29 22:30:41 +0000, 2020-04-29 22:30:41 +0000, 0, NO,  0, 0, 0, 0, 0, 0, N/A, 
2020-04-29 22:30:41 +0000, 2020-04-30 06:20:34 +0000, 470, NO, 72, 60, 90, 210, 110, 0, N/A, 
2020-04-30 21:42:54 +0000, 2020-04-30 21:42:54 +0000, 0, NO,  0, 0, 0, 0, 0, 0, N/A, 
2020-04-30 21:43:59 +0000, 2020-04-30 21:43:59 +0000, 0, NO,  0, 0, 0, 0, 0, 0, N/A, 
2020-04-30 21:43:58 +0000, 2020-05-01 06:31:16 +0000, 527, NO, 72, 77, 80, 230, 140, 0, N/A, 
2020-05-01 21:49:29 +0000, 2020-05-01 21:49:29 +0000, 0, NO,  0, 0, 0, 0, 0, 0, N/A, 
2020-05-01 21:49:28 +0000, 2020-05-02 06:44:33 +0000, 535, NO, 74, 75, 80, 210, 170, 0, N/A, 
2020-05-02 23:05:05 +0000, 2020-05-02 23:05:05 +0000, 0, NO,  0, 0, 0, 0, 0, 0, N/A, 
2020-05-02 23:52:36 +0000, 2020-05-03 08:21:26 +0000, 509, NO, 60, 79, 60, 180, 190, 0, Ok, 
2020-05-03 21:50:51 +0000, 2020-05-03 21:50:51 +0000, 0, NO,  0, 0, 0, 0, 0, 0, N/A, 
2020-05-03 21:50:50 +0000, 2020-05-04 06:25:09 +0000, 514, NO, 80, 64, 120, 170, 160, 0, N/A, 
2020-05-04 21:46:46 +0000, 2020-05-04 21:46:46 +0000, 0, NO,  0, 0, 0, 0, 0, 0, N/A, 
2020-05-04 21:46:46 +0000, 2020-05-05 06:25:07 +0000, 518, NO, 68, 68, 50, 210, 190, 0, N/A, 
2020-05-05 22:18:04 +0000, 2020-05-05 22:18:04 +0000, 0, NO,  0, 0, 0, 0, 0, 0, N/A, 
2020-05-05 22:18:04 +0000, 2020-05-06 06:25:11 +0000, 487, NO, 68, 87, 60, 200, 140, 0, N/A, 
2020-05-06 22:02:32 +0000, 2020-05-06 22:02:32 +0000, 0, NO,  0, 0, 0, 0, 0, 0, N/A, 
2020-05-06 22:02:44 +0000, 2020-05-07 06:18:08 +0000, 495, NO, 68, 85, 80, 170, 160, 0, N/A, 
2020-05-07 22:07:39 +0000, 2020-05-07 22:07:39 +0000, 0, NO,  0, 0, 0, 0, 0, 0, N/A, 
2020-05-07 22:07:39 +0000, 2020-05-08 06:25:13 +0000, 498, NO, 72, 68, 60, 160, 210, 0, N/A, 
2020-05-08 22:15:23 +0000, 2020-05-09 07:00:06 +0000, 525, NO, 64, 65, 40, 260, 160, 0, N/A, 
2020-05-10 00:57:41 +0000, 2020-05-10 00:57:41 +0000, 0, NO,  0, 0, 0, 0, 0, 0, N/A, 
2020-05-10 00:57:41 +0000, 2020-05-10 10:10:47 +0000, 553, NO, 70, 20, 100, 173, 260, 0, N/A, 
2020-05-10 22:33:24 +0000, 2020-05-10 22:33:24 +0000, 0, NO,  0, 0, 0, 0, 0, 0, N/A, 
2020-05-10 22:33:24 +0000, 2020-05-11 06:25:14 +0000, 472, NO, 78, 62, 100, 150, 160, 0, N/A, 
2020-05-11 22:16:31 +0000, 2020-05-11 22:16:31 +0000, 0, NO,  0, 0, 0, 0, 0, 0, N/A, 
2020-05-11 22:16:31 +0000, 2020-05-12 06:25:50 +0000, 489, NO, 64, 79, 50, 210, 150, 0, N/A, 
2020-05-12 22:05:45 +0000, 2020-05-13 06:25:10 +0000, 499, NO, 80, 49, 70, 230, 150, 0, N/A, 
2020-05-13 22:11:37 +0000, 2020-05-13 22:11:37 +0000, 0, NO,  0, 0, 0, 0, 0, 0, N/A, 
2020-05-13 22:11:44 +0000, 2020-05-14 06:25:25 +0000, 494, NO, 68, 54, 50, 200, 190, 0, N/A, 
2020-05-14 22:14:25 +0000, 2020-05-14 22:14:25 +0000, 0, NO,  0, 0, 0, 0, 0, 0, N/A, 
2020-05-14 22:14:34 +0000, 2020-05-15 07:55:00 +0000, 580, NO, 76, 80, 90, 190, 220, 0, Ok, 
2020-05-15 22:25:11 +0000, 2020-05-16 07:30:10 +0000, 545, NO, 68, 95, 60, 170, 220, 0, N/A, 
2020-05-16 23:25:01 +0000, 2020-05-16 23:25:01 +0000, 0, NO,  0, 0, 0, 0, 0, 0, N/A, 
2020-05-16 23:25:00 +0000, 2020-05-17 07:34:04 +0000, 489, NO, 72, 79, 100, 190, 120, 0, N/A, 
2020-05-17 22:04:06 +0000, 2020-05-18 06:25:11 +0000, 501, NO, 78, 41, 90, 160, 210, 0, N/A, 
2020-05-18 22:24:24 +0000, 2020-05-19 06:25:08 +0000, 481, NO, 80, 51, 100, 170, 160, 0, N/A, 
2020-05-19 22:00:48 +0000, 2020-05-19 22:00:48 +0000, 0, NO,  0, 0, 0, 0, 0, 0, N/A, 
2020-05-19 22:00:48 +0000, 2020-05-20 06:25:22 +0000, 505, NO, 76, 65, 90, 180, 170, 0, N/A, 
2020-05-20 22:24:05 +0000, 2020-05-21 06:28:21 +0000, 484, NO, 76, 34, 50, 190, 210, 0, N/A, 
2020-05-21 22:00:09 +0000, 2020-05-22 06:25:08 +0000, 505, NO, 70, 115, 110, 120, 160, 0, N/A, 
2020-05-22 21:47:03 +0000, 2020-05-23 07:00:14 +0000, 553, NO, 72, 73, 70, 260, 150, 0, N/A, 
2020-05-23 23:04:36 +0000, 2020-05-24 06:18:31 +0000, 434, NO, 74, 44, 70, 160, 160, 0, N/A, 
2020-05-25 22:15:06 +0000, 2020-05-26 06:24:26 +0000, 489, NO, 70, 59, 60, 200, 170, 0, N/A, 
2020-05-26 21:56:46 +0000, 2020-05-27 06:25:08 +0000, 508, NO, 72, 88, 80, 210, 130, 0, N/A, 
2020-05-27 23:05:55 +0000, 2020-05-28 06:31:37 +0000, 446, NO, 74, 56, 70, 120, 200, 0, N/A, 
2020-05-28 22:53:44 +0000, 2020-05-29 06:15:05 +0000, 441, NO, 74, 31, 60, 150, 200, 0, N/A, 
2020-05-29 23:10:02 +0000, 2020-05-30 06:31:11 +0000, 441, NO, 66, 91, 80, 140, 130, 0, N/A, 
2020-05-30 23:35:25 +0000, 2020-05-31 06:52:30 +0000, 437, NO, 60, 57, 20, 230, 130, 0, N/A, 
2020-05-31 22:25:06 +0000, 2020-06-01 06:25:26 +0000, 480, NO, 58, 110, 30, 160, 180, 0, Not Good, 
2020-06-01 21:09:37 +0000, 2020-06-02 06:25:12 +0000, 556, NO, 74, 36, 70, 260, 190, 0, N/A, 
2020-06-02 21:49:44 +0000, 2020-06-03 06:28:32 +0000, 519, NO, 78, 69, 70, 150, 230, 0, N/A, 
2020-06-03 22:18:37 +0000, 2020-06-04 06:25:16 +0000, 487, NO, 66, 77, 50, 200, 160, 0, N/A, 
2020-06-04 21:23:10 +0000, 2020-06-05 06:25:17 +0000, 542, NO, 60, 112, 50, 200, 180, 0, N/A, 
2020-06-05 12:26:28 +0000, 2020-06-05 13:06:07 +0000, 40, YES, 30, 30, 0, 10, 0, 0, N/A, 
2020-06-05 22:53:16 +0000, 2020-06-06 06:30:27 +0000, 457, NO, 74, 57, 70, 220, 110, 0, N/A, 
2020-06-06 22:07:11 +0000, 2020-06-06 22:07:11 +0000, 0, NO,  0, 0, 0, 0, 0, 0, N/A, 
2020-06-06 22:07:10 +0000, 2020-06-07 06:16:01 +0000, 489, NO, 86, 39, 110, 190, 150, 0, N/A, 
2020-06-07 20:46:19 +0000, 2020-06-07 20:46:19 +0000, 0, NO,  0, 0, 0, 0, 0, 0, N/A, 
2020-06-07 20:46:19 +0000, 2020-06-08 06:05:19 +0000, 559, NO, 74, 59, 120, 200, 180, 0, Good, 
2020-06-08 21:55:28 +0000, 2020-06-08 21:55:28 +0000, 0, NO,  0, 0, 0, 0, 0, 0, N/A, 
2020-06-08 21:55:27 +0000, 2020-06-09 06:06:33 +0000, 491, NO, 92, 21, 170, 170, 130, 0, Good, 
2020-06-09 21:56:52 +0000, 2020-06-09 21:56:52 +0000, 0, NO,  0, 0, 0, 0, 0, 0, N/A, 
2020-06-09 21:56:56 +0000, 2020-06-10 06:25:07 +0000, 508, NO, 82, 48, 130, 200, 130, 0, N/A, 
2020-06-10 22:15:20 +0000, 2020-06-11 06:25:11 +0000, 490, NO, 64, 90, 50, 180, 170, 0, N/A, 
2020-06-11 22:35:28 +0000, 2020-06-11 22:35:28 +0000, 0, NO,  0, 0, 0, 0, 0, 0, N/A, 
2020-06-11 22:35:35 +0000, 2020-06-12 06:26:13 +0000, 471, NO, 58, 61, 20, 200, 190, 0, Not Good, 
2020-06-12 22:41:05 +0000, 2020-06-12 22:41:05 +0000, 0, NO,  0, 0, 0, 0, 0, 0, N/A, 
2020-06-12 22:41:05 +0000, 2020-06-13 07:33:25 +0000, 532, NO, 74, 52, 70, 230, 180, 0, N/A, 
2020-06-13 23:01:40 +0000, 2020-06-13 23:01:40 +0000, 0, NO,  0, 0, 0, 0, 0, 0, N/A, 
2020-06-13 23:01:44 +0000, 2020-06-14 07:47:37 +0000, 526, NO, 54, 146, 60, 140, 180, 0, Not Good, 
2020-06-14 22:31:35 +0000, 2020-06-14 22:31:35 +0000, 0, NO,  0, 0, 0, 0, 0, 0, N/A, 
2020-06-14 22:31:35 +0000, 2020-06-15 06:15:44 +0000, 464, NO, 76, 54, 100, 180, 130, 0, N/A, 
2020-06-15 22:12:29 +0000, 2020-06-15 22:12:29 +0000, 0, NO,  0, 0, 0, 0, 0, 0, N/A, 
2020-06-15 22:12:29 +0000, 2020-06-16 06:25:10 +0000, 493, NO, 68, 53, 50, 210, 180, 0, N/A, 
2020-06-16 22:15:59 +0000, 2020-06-16 22:15:59 +0000, 0, NO,  0, 0, 0, 0, 0, 0, N/A, 
2020-06-16 22:15:58 +0000, 2020-06-17 06:25:24 +0000, 489, NO, 64, 99, 70, 200, 120, 0, N/A, 
2020-06-17 22:31:22 +0000, 2020-06-17 22:31:22 +0000, 0, NO,  0, 0, 0, 0, 0, 0, N/A, 
2020-06-17 22:31:22 +0000, 2020-06-18 06:25:20 +0000, 474, NO, 82, 34, 80, 190, 170, 0, N/A, 
2020-06-18 22:13:42 +0000, 2020-06-18 22:13:42 +0000, 0, NO,  0, 0, 0, 0, 0, 0, N/A, 
2020-06-18 22:13:42 +0000, 2020-06-19 06:28:50 +0000, 495, NO, 66, 65, 40, 230, 160, 0, N/A, 
2020-06-19 21:28:26 +0000, 2020-06-20 05:30:14 +0000, 482, NO, 74, 52, 60, 180, 190, 0, N/A, 
2020-06-20 22:34:13 +0000, 2020-06-21 07:30:06 +0000, 536, NO, 70, 96, 120, 150, 170, 0, N/A, 
2020-06-21 22:21:47 +0000, 2020-06-22 05:39:55 +0000, 438, NO, 70, 48, 70, 200, 120, 0, N/A, 
2020-06-22 22:14:34 +0000, 2020-06-23 06:24:34 +0000, 490, NO, 76, 30, 80, 250, 130, 0, N/A, 
2020-06-23 22:43:27 +0000, 2020-06-24 06:25:10 +0000, 462, NO, 62, 82, 40, 180, 160, 0, N/A, 
2020-06-24 22:21:19 +0000, 2020-06-25 06:25:13 +0000, 484, NO, 82, 24, 90, 190, 180, 0, N/A, 
2020-06-25 22:30:18 +0000, 2020-06-26 06:30:07 +0000, 480, NO, 72, 80, 90, 150, 160, 0, N/A, 
2020-06-26 22:22:05 +0000, 2020-06-27 07:19:06 +0000, 537, NO, 72, 97, 90, 220, 130, 0, N/A, 
2020-06-27 22:51:37 +0000, 2020-06-28 07:21:47 +0000, 510, NO, 72, 110, 120, 140, 140, 0, N/A, 
2020-06-28 22:23:51 +0000, 2020-06-28 22:23:51 +0000, 0, NO,  0, 0, 0, 0, 0, 0, N/A, 
2020-06-28 22:23:50 +0000, 2020-06-29 06:21:42 +0000, 478, NO, 64, 88, 50, 220, 120, 0, N/A, 
2020-06-29 21:01:45 +0000, 2020-06-29 21:01:45 +0000, 0, NO,  0, 0, 0, 0, 0, 0, N/A, 
2020-06-29 21:01:45 +0000, 2020-06-30 06:13:53 +0000, 552, NO, 78, 42, 100, 220, 190, 0, N/A, 
2020-06-30 21:55:50 +0000, 2020-06-30 21:55:50 +0000, 0, NO,  0, 0, 0, 0, 0, 0, N/A, 
2020-06-30 21:55:53 +0000, 2020-07-01 06:14:23 +0000, 499, NO, 74, 79, 100, 200, 120, 0, N/A, 
2020-07-01 22:04:13 +0000, 2020-07-01 22:04:13 +0000, 0, NO,  0, 0, 0, 0, 0, 0, N/A, 
2020-07-02 22:20:48 +0000, 2020-07-02 22:20:48 +0000, 0, NO,  0, 0, 0, 0, 0, 0, N/A, 
2020-07-02 22:20:48 +0000, 2020-07-03 06:25:16 +0000, 484, NO, 68, 84, 70, 150, 180, 0, N/A, 
2020-07-03 21:39:28 +0000, 2020-07-03 21:39:28 +0000, 0, NO,  0, 0, 0, 0, 0, 0, N/A, 
2020-07-03 21:39:28 +0000, 2020-07-04 06:56:51 +0000, 557, NO, 78, 47, 120, 230, 160, 0, N/A, 
2020-07-05 20:57:18 +0000, 2020-07-05 20:57:18 +0000, 0, NO,  0, 0, 0, 0, 0, 0, N/A, 
2020-07-05 20:57:18 +0000, 2020-07-06 05:39:48 +0000, 523, NO, 78, 73, 110, 210, 130, 0, N/A, 
2020-07-06 21:54:48 +0000, 2020-07-06 21:54:48 +0000, 0, NO,  0, 0, 0, 0, 0, 0, N/A, 
2020-07-06 21:54:48 +0000, 2020-07-07 06:29:38 +0000, 515, NO, 78, 45, 70, 220, 180, 0, N/A, 
2020-07-07 21:51:22 +0000, 2020-07-07 21:51:22 +0000, 0, NO,  0, 0, 0, 0, 0, 0, N/A, 
2020-07-07 21:51:21 +0000, 2020-07-08 06:10:32 +0000, 499, NO, 76, 79, 130, 170, 120, 0, N/A, 
2020-07-08 21:45:41 +0000, 2020-07-08 21:45:41 +0000, 0, NO,  0, 0, 0, 0, 0, 0, N/A, 
2020-07-08 21:45:40 +0000, 2020-07-09 06:34:54 +0000, 529, NO, 78, 49, 100, 250, 130, 0, N/A, 
2020-07-09 22:14:26 +0000, 2020-07-09 22:14:26 +0000, 0, NO,  0, 0, 0, 0, 0, 0, N/A, 
2020-07-09 22:14:26 +0000, 2020-07-10 06:25:19 +0000, 491, NO, 50, 151, 60, 120, 160, 0, N/A, 
2020-07-10 22:29:28 +0000, 2020-07-10 22:29:28 +0000, 0, NO,  0, 0, 0, 0, 0, 0, N/A, 
2020-07-10 22:29:28 +0000, 2020-07-11 07:05:42 +0000, 516, NO, 76, 56, 90, 200, 170, 0, N/A, 
2020-07-11 21:48:18 +0000, 2020-07-11 21:48:18 +0000, 0, NO,  0, 0, 0, 0, 0, 0, N/A, 
2020-07-11 21:48:18 +0000, 2020-07-12 07:10:20 +0000, 562, NO, 74, 62, 70, 200, 230, 0, N/A, 
2020-07-12 22:23:01 +0000, 2020-07-12 22:23:01 +0000, 0, NO,  0, 0, 0, 0, 0, 0, N/A, 
2020-07-12 22:23:01 +0000, 2020-07-13 06:25:09 +0000, 482, NO, 78, 32, 60, 200, 190, 0, N/A, 
2020-07-13 22:13:22 +0000, 2020-07-13 22:13:22 +0000, 0, NO,  0, 0, 0, 0, 0, 0, N/A, 
2020-07-13 22:13:22 +0000, 2020-07-14 06:25:21 +0000, 492, NO, 82, 42, 110, 150, 190, 0, N/A, 
2020-07-14 22:48:59 +0000, 2020-07-14 22:48:59 +0000, 0, NO,  0, 0, 0, 0, 0, 0, N/A, 
2020-07-14 22:48:59 +0000, 2020-07-15 06:38:02 +0000, 469, NO, 58, 19, 50, 120, 280, 0, Good, 
2020-07-15 22:21:07 +0000, 2020-07-15 22:21:07 +0000, 0, NO,  0, 0, 0, 0, 0, 0, N/A, 
2020-07-15 22:21:07 +0000, 2020-07-16 06:23:45 +0000, 483, NO, 78, 63, 80, 200, 140, 0, N/A, 
2020-07-16 22:20:36 +0000, 2020-07-17 06:30:11 +0000, 490, NO, 78, 60, 120, 170, 140, 0, N/A, 
2020-07-17 22:27:48 +0000, 2020-07-17 22:27:48 +0000, 0, NO,  0, 0, 0, 0, 0, 0, N/A, 
2020-07-17 22:27:47 +0000, 2020-07-18 07:35:08 +0000, 547, NO, 70, 57, 60, 220, 210, 0, N/A, 
2020-07-18 22:52:07 +0000, 2020-07-19 06:56:14 +0000, 484, NO, 64, 74, 40, 190, 180, 0, N/A, 
2020-07-19 21:24:56 +0000, 2020-07-19 21:24:56 +0000, 0, NO,  0, 0, 0, 0, 0, 0, N/A, 
2020-07-19 21:24:56 +0000, 2020-07-20 06:25:09 +0000, 540, NO, 70, 70, 70, 210, 190, 0, N/A, 
2020-07-20 21:54:41 +0000, 2020-07-21 06:30:05 +0000, 515, NO, 80, 55, 120, 180, 160, 0, N/A, 
2020-07-21 21:57:48 +0000, 2020-07-21 21:57:48 +0000, 0, NO,  0, 0, 0, 0, 0, 0, N/A, 
2020-07-21 21:57:48 +0000, 2020-07-22 06:25:09 +0000, 507, NO, 86, 37, 100, 200, 170, 0, N/A, 
2020-07-22 22:23:52 +0000, 2020-07-22 23:08:53 +0000, 45, NO, 47, 5, 0, 10, 30, 0, N/A, 
2020-07-22 22:23:58 +0000, 2020-07-23 06:25:09 +0000, 481, NO, 72, 31, 30, 230, 190, 0, N/A, 
2020-07-23 22:57:53 +0000, 2020-07-24 06:25:59 +0000, 448, NO,  0, 448, 0, 0, 0, 0, Ok, 
2020-07-24 21:49:29 +0000, 2020-07-24 21:49:29 +0000, 0, NO,  0, 0, 0, 0, 0, 0, N/A, 
2020-07-24 21:49:29 +0000, 2020-07-25 08:00:53 +0000, 611, NO, 70, 71, 80, 180, 280, 0, N/A, 
2020-07-26 00:31:49 +0000, 2020-07-26 07:00:09 +0000, 388, NO, 64, 28, 40, 190, 130, 0, N/A, 
2020-07-26 22:08:55 +0000, 2020-07-26 22:08:55 +0000, 0, NO,  0, 0, 0, 0, 0, 0, N/A, 
2020-07-26 22:08:55 +0000, 2020-07-27 06:23:26 +0000, 495, NO, 82, 25, 80, 180, 210, 0, N/A, 
2020-07-27 22:18:17 +0000, 2020-07-28 06:25:27 +0000, 487, NO, 80, 27, 70, 200, 190, 0, N/A, 
2020-07-28 22:18:02 +0000, 2020-07-28 22:18:02 +0000, 0, NO,  0, 0, 0, 0, 0, 0, N/A, 
2020-07-28 22:18:02 +0000, 2020-07-29 06:16:51 +0000, 479, NO, 76, 29, 70, 230, 150, 0, N/A, 
2020-07-29 22:14:49 +0000, 2020-07-30 06:25:21 +0000, 491, NO, 86, 41, 120, 180, 150, 0, N/A, 
2020-07-30 22:30:49 +0000, 2020-07-31 06:17:13 +0000, 466, NO, 74, 56, 110, 140, 160, 0, Ok, 
2020-07-31 22:34:23 +0000, 2020-08-01 05:56:34 +0000, 442, NO, 66, 52, 30, 150, 210, 0, N/A, 
2020-08-01 22:40:21 +0000, 2020-08-02 07:47:48 +0000, 547, NO, 68, 57, 90, 220, 180, 0, N/A, 
2020-08-02 21:10:13 +0000, 2020-08-03 06:20:39 +0000, 550, NO, 62, 110, 60, 200, 180, 0, N/A, 
2020-08-03 21:24:51 +0000, 2020-08-04 06:25:24 +0000, 541, NO, 72, 50, 70, 200, 220, 0, N/A, 
2020-08-04 21:56:14 +0000, 2020-08-05 06:15:16 +0000, 499, NO, 84, 49, 120, 190, 140, 0, N/A, 
2020-08-05 21:39:00 +0000, 2020-08-06 06:15:10 +0000, 516, NO, 78, 36, 90, 220, 170, 0, N/A, 
2020-08-06 21:03:18 +0000, 2020-08-07 06:15:09 +0000, 552, NO, 70, 82, 70, 220, 180, 0, N/A, 
2020-08-07 22:39:41 +0000, 2020-08-08 07:15:11 +0000, 515, NO, 74, 85, 90, 180, 160, 0, N/A, 
2020-08-08 23:13:06 +0000, 2020-08-09 07:17:23 +0000, 484, NO, 62, 94, 40, 170, 180, 0, N/A, 
2020-08-09 22:23:13 +0000, 2020-08-10 06:15:14 +0000, 472, NO, 74, 42, 50, 190, 190, 0, N/A, 
2020-08-10 21:52:16 +0000, 2020-08-11 06:00:24 +0000, 488, NO, 56, 108, 40, 200, 140, 0, N/A, 
2020-08-11 22:02:15 +0000, 2020-08-12 06:54:23 +0000, 532, NO, 82, 42, 100, 190, 200, 0, N/A, 
2020-08-12 21:43:07 +0000, 2020-08-13 06:00:22 +0000, 497, NO, 72, 77, 90, 210, 120, 0, N/A, 
2020-08-13 21:50:00 +0000, 2020-08-14 06:00:30 +0000, 490, NO, 68, 90, 70, 150, 180, 0, N/A, 
2020-08-14 22:50:54 +0000, 2020-08-15 07:00:19 +0000, 489, NO, 78, 59, 140, 170, 120, 0, N/A, 
2020-08-15 23:22:05 +0000, 2020-08-16 06:58:53 +0000, 457, NO, 72, 27, 50, 200, 180, 0, N/A, 
2020-08-16 21:55:35 +0000, 2020-08-16 21:55:35 +0000, 0, NO,  0, 0, 0, 0, 0, 0, N/A, 
2020-08-16 21:55:35 +0000, 2020-08-17 06:00:06 +0000, 485, NO, 68, 44, 110, 150, 180, 0, N/A, 
2020-08-17 21:49:46 +0000, 2020-08-18 06:00:27 +0000, 491, NO, 80, 41, 80, 190, 180, 0, N/A, 
2020-08-18 21:11:43 +0000, 2020-08-19 06:01:06 +0000, 529, NO, 74, 69, 80, 230, 150, 0, N/A, 
2020-08-19 22:26:33 +0000, 2020-08-20 06:00:18 +0000, 454, NO, 68, 74, 60, 180, 140, 0, N/A, 
2020-08-20 22:35:35 +0000, 2020-08-21 07:13:43 +0000, 518, NO, 82, 48, 130, 200, 140, 0, N/A, 
2020-08-21 23:11:57 +0000, 2020-08-22 07:00:22 +0000, 468, NO, 78, 68, 100, 170, 130, 0, N/A, 
2020-08-22 22:52:13 +0000, 2020-08-23 07:00:15 +0000, 488, NO, 78, 48, 70, 200, 170, 0, N/A, 
2020-08-23 22:05:50 +0000, 2020-08-24 06:00:20 +0000, 475, NO, 68, 65, 60, 210, 140, 0, N/A, 
2020-08-24 20:31:29 +0000, 2020-08-25 06:00:09 +0000, 569, NO, 68, 89, 70, 220, 190, 0, N/A, 
2020-08-25 21:36:01 +0000, 2020-08-26 06:00:10 +0000, 504, NO, 66, 84, 60, 160, 200, 0, N/A, 
2020-08-26 22:14:34 +0000, 2020-08-27 06:15:09 +0000, 481, NO, 82, 31, 90, 200, 160, 0, N/A, 
2020-08-27 22:13:22 +0000, 2020-08-28 07:00:09 +0000, 527, NO, 78, 37, 60, 210, 220, 0, N/A, 
2020-08-28 21:58:11 +0000, 2020-08-29 06:26:15 +0000, 508, NO, 82, 38, 110, 200, 160, 0, N/A, 
2020-08-29 22:03:32 +0000, 2020-08-30 07:00:06 +0000, 537, NO, 76, 77, 110, 220, 130, 0, N/A, 
2020-08-30 22:23:08 +0000, 2020-08-31 06:59:46 +0000, 517, NO, 56, 27, 40, 120, 330, 0, Ok, 
2020-08-31 22:23:52 +0000, 2020-09-01 07:00:13 +0000, 516, NO, 62, 106, 60, 190, 160, 0, N/A, 
2020-09-01 22:01:27 +0000, 2020-09-02 06:00:10 +0000, 479, NO, 72, 69, 80, 170, 160, 0, N/A, 
2020-09-02 22:01:34 +0000, 2020-09-03 06:01:18 +0000, 480, NO, 70, 70, 80, 180, 150, 0, N/A, 
2020-09-03 21:59:03 +0000, 2020-09-04 06:00:11 +0000, 481, NO, 72, 41, 50, 190, 200, 0, Ok, 